userID,review_count,avg_rating,verified_count
A0986263H7SX62P1SRDD,6,4.833333333333333,5
A10036437T54UNY5JRYU,5,3.2,5
A101HTPLV9HVMR,6,5.0,6
A104M4DKQ96IT0,5,4.0,1
A10B949WG5N4GH,5,2.4,3
A10E3QH2FQUBLF,5,4.2,5
A10EQLKHMDEG2P,6,4.666666666666667,6
A10G10SU7SAUG1,8,3.375,6
A10GJSYEL8U8Z,5,1.6,4
A10HXN4Y080YCV,6,2.6666666666666665,6
A10O1AB7D0KYZU,10,5.0,3
A10ROKQL2HSDAL,6,3.3333333333333335,6
A10RXRZE0TAKPU,8,4.0,8
A10WPKF2VH1JWY,8,4.0,8
A10X6EMVZGVX9E,8,5.0,8
A10YNQ7SPY4X63,5,3.8,5
A10YZ5XQI922Y4,6,4.0,6
A10Z8PKPUJ7YHO,8,3.0,8
A11050ZKT750SK,7,4.428571428571429,7
A11150HPV1MY4Y,5,3.6,5
A113HH4FSE1ODN,5,3.8,5
A11459ZN3F8VJ5,5,4.2,5
A114KIJEBP6ER7,11,5.0,11
A114ZPM7ZABSI7,7,4.428571428571429,7
A11593W66FNIMM,7,4.142857142857143,0
A1168WDGNYCZPQ,5,2.8,5
A1181RLJYUA0CS,9,3.7777777777777777,9
A118V341FMA1EL,5,4.0,5
A11CE9WJH4E1F5,5,4.2,5
A11CJEAOWBNJ0D,6,3.8333333333333335,6
A11D1CHIO38I0X,8,2.625,8
A11D8CLU9H24YK,8,5.0,8
A11FN56JARVENV,7,4.285714285714286,7
A11GH4R49NOSO3,5,4.2,5
A11GLZLVAUD354,8,4.5,8
A11JLWK8H96AU,8,5.0,8
A11K2CK6YQGCHJ,5,4.2,5
A11MASMYR7CXH1,13,4.384615384615385,13
A11MJQIZKMPVCI,5,3.2,4
A11MMSJQO2Q7KC,5,3.4,5
A11NYEHLJV5B56,5,2.6,5
A11QLAEZD0YY7A,9,5.0,8
A11YX0NFJ2NOV0,5,5.0,5
A1209BBGYWV8O3,6,3.6666666666666665,6
A120I5ZY3CWKX9,7,4.857142857142857,7
A1223JGQ0GRSPT,8,5.0,8
A122ULM3MEHFW7,9,4.333333333333333,9
A123FWS22NWZHL,6,2.5,6
A127HKC676EBWF,6,4.166666666666667,6
A12A7Q3DHAI6AY,8,2.875,8
A12AWD9L3DD93E,6,5.0,6
A12BITSJFOHZ94,5,4.6,5
A12CAXEJLEPXEB,5,2.8,3
A12CAZ0XQNUBFK,6,3.8333333333333335,6
A12D4UVW108DLL,5,4.6,5
A12DWXDNZQTKXQ,6,3.5,6
A12EVLX6RP7TKE,5,4.6,2
A12FBA7DCFE5W7,8,5.0,8
A12I8GCK1UVK40,8,4.625,1
A12LD40UVBERI7,5,4.0,5
A12LDKOWDBPQTC,8,5.0,8
A12N2I40T8RLO0,6,3.0,6
A12PAVZI1JTFOI,5,4.6,5
A12QEV954W26O4,5,2.8,5
A12QYXYD90VX3V,5,3.0,4
A12TZYJLHDKIGZ,5,5.0,5
A12VRR4LXJDHBV,7,4.857142857142857,7
A12YFBMUQPYM2X,5,4.6,5
A12YFOZ95Q3LXS,5,4.4,5
A12YSUHTXNY9D,6,3.3333333333333335,6
A1323HWAK2K22Z,5,5.0,5
A132M4CCT4TFJA,5,4.0,5
A132ZDBIO64YOF,5,3.8,5
A1336K9QQ2R7QH,5,5.0,5
A133MQ8GLM5RKO,5,4.6,5
A135KOM855ZA5,8,5.0,8
A135SGOQMVWABQ,7,5.0,7
A136XAHBZ3MNQJ,6,3.6666666666666665,6
A137H5ZW9VADAQ,5,3.6,5
A138EP8JZ9RX93,5,5.0,5
A13CUECWUX8SZW,6,4.0,6
A13FLOD16ZC3N4,7,3.7142857142857144,7
A13GNTF3N7UN2W,5,4.0,5
A13H42NCHTF3Y6,6,3.3333333333333335,6
A13HHK4AP7U0E2,5,4.2,5
A13HM8OE5ECSRC,6,4.5,6
A13IHYLH74T7WH,5,5.0,5
A13JGYKUU10QKH,8,5.0,8
A13JWTGWCLKLAO,5,3.4,5
A13M7GIGSPKKBT,5,3.0,5
A13MGIUEHNSOKO,8,4.875,1
A13P82MG3XFWV1,9,4.888888888888889,9
A13QOK3SKIT9QL,5,4.6,5
A13QPMQ3FF6JLJ,5,2.8,5
A13RM90OYZ72W7,5,3.2,5
A13SUP8HBMQ2NN,5,4.2,5
A13T8W4EINW0Z,5,3.4,5
A13UG665AR8LCV,5,4.2,4
A13VRMJVAGIHLL,7,4.0,7
A13W5DGU9QF721,8,5.0,8
A13YHX8QAM9SXX,7,4.571428571428571,1
A13YVLLD267N30,5,4.2,5
A140WLQCTQ6P8L,6,4.5,6
A140XVPLRQYKYY,8,4.0,8
A142BWQ8O5YS86,6,4.5,6
A142HY00DAFCC2,5,3.8,5
A1433KWQ24IOU5,8,3.75,8
A144F9XWDXF05W,6,2.6666666666666665,6
A14670JZ1TED7K,6,3.8333333333333335,6
A146EBZ2VW0UOR,6,4.833333333333333,6
A146PPPJJABH6L,7,4.714285714285714,7
A146WK47R8XJG2,5,4.6,4
A14A94TSHBLUN0,7,4.0,7
A14AJV875G9JYA,5,4.0,5
A14B4MJ7KZE63B,5,3.8,5
A14H79Q2214GDR,5,3.2,5
A14HL3XUM3L2NI,6,2.5,5
A14HVR65BSAKHC,6,5.0,6
A14I27N7IMZ3LQ,5,3.6,5
A14IDXVRKZ81H6,7,3.857142857142857,7
A14IVFLENLR9XK,8,3.375,8
A14KMTUIRG51TH,5,3.8,5
A14LN0R1PQA5WI,8,4.0,8
A14LVJDMDABMML,8,5.0,8
A14MNRQ6V1B8M8,5,4.2,5
A14NH559TEDFQL,8,5.0,8
A14O4FKSNRY5Q7,6,3.5,6
A14PVW2N5YBWSA,5,2.6,5
A14Q8EF4ZDPIQW,6,5.0,6
A14RFKCNCNJBCV,6,4.833333333333333,4
A14SZJMX07FXYR,5,4.2,5
A14TH6X64RFHAU,6,3.8333333333333335,6
A14TS9PCRLLWEG,8,5.0,8
A14UDTXL354W07,7,4.571428571428571,7
A14V45OKTF6U6Q,7,5.0,7
A14XPR8QTNQXGJ,5,4.2,5
A14Y2XQBJFB240,9,5.0,9
A14Z4E4FAZ9S88,7,4.285714285714286,0
A14ZUWQKAZUWLX,6,4.666666666666667,6
A1501P75NE8FOU,6,4.333333333333333,6
A158106Q67ZNO7,5,4.6,5
A159IR0ZIDS388,13,4.846153846153846,4
A159WZ8A42TBZN,9,4.888888888888889,9
A15A867FGPBQP4,5,4.4,5
A15BCSAQAPE0C3,5,4.6,5
A15BE5SERDC5ZV,5,5.0,0
A15C5GZGVRQLJX,5,5.0,5
A15CBFJMTOTVUZ,5,2.6,4
A15DWAOMHKY7F2,8,5.0,0
A15K26YABYLPYY,7,3.4285714285714284,7
A15LOTBKMJQ01X,5,4.6,5
A15M9W51HMZPH5,7,4.142857142857143,7
A15MPGK6M19DAP,5,4.2,1
A15NXB3LWBTF0D,5,4.2,5
A15PB5QABNV5NO,7,4.857142857142857,2
A15T9G38F589KM,5,4.2,2
A15V4TJBVYLK94,5,4.2,5
A15VHWH9VMFA5J,6,4.333333333333333,5
A15VIPFO0VXPTL,9,4.555555555555555,0
A15VORD38PXWA4,5,4.4,5
A15WJ0ORGJNLPQ,5,4.0,5
A15Y0QI39GKKO4,5,3.6,5
A15YI2SEYRWYQA,5,4.0,5
A15Z642P8MA22D,5,3.2,5
A1609IWATV4JTW,6,4.833333333333333,4
A160SGSPSJ6DBH,6,3.0,6
A160V786CRLKT4,6,4.0,6
A16138OVE7AFAP,7,3.7142857142857144,6
A161HE4F791VJV,6,4.0,6
A162FQNFA5FDS4,6,5.0,6
A162IYEM5A4EBP,5,5.0,5
A162UMP95EYQ22,7,4.285714285714286,7
A163UW8X5LYDIM,10,4.2,10
A164VQU1Y5WHW0,7,4.428571428571429,6
A165P3MOJV3OVZ,7,4.142857142857143,7
A165SYOB7XFA9B,10,2.9,10
A1688VED1CELM6,6,4.333333333333333,6
A1695HI0ZY7ROV,5,3.4,5
A16BGUHQH20CIP,8,5.0,8
A16HADM18F4MUL,5,4.4,5
A16JLXKDJHJPRE,5,2.2,5
A16MEM7EIAIRT5,5,3.4,5
A16N4XZ8IHC7I0,9,4.222222222222222,9
A16QST8AO6TXX3,13,3.1538461538461537,12
A16RER3NG8958X,5,2.4,5
A16SE85MR7L9DQ,5,4.4,5
A16TCDQL2C5NGY,7,4.428571428571429,7
A16TZRHTLDUBU4,5,3.4,5
A16UVYX457F0W3,8,3.875,8
A16VM71BLBCMMK,6,4.333333333333333,6
A16Y7V1CZCWKFV,7,3.4285714285714284,7
A16ZROYKG27HYY,5,3.4,5
A16ZZP8A3H2C42,5,3.2,5
A1717EM2Z6CBVQ,8,4.625,8
A173DBUQREF47M,6,4.833333333333333,6
A173O6RHW3I8FA,6,3.1666666666666665,6
A1741M74ULAT82,7,3.7142857142857144,7
A174EEWMHB3J8N,8,5.0,8
A177HAXSCPLY7C,5,3.4,5
A177TVY619GITB,7,4.857142857142857,7
A177WB7O660HS8,8,5.0,8
A17AYEZGB6SKW4,5,3.6,5
A17B5BSEDPYCU1,5,4.0,5
A17C9INLGVRDEE,5,4.6,5
A17DW041T4X7TJ,8,5.0,8
A17E4DJF0G0VD6,5,3.2,5
A17F7N10IEB7LU,5,4.0,4
A17HETS3OCV3C3,5,4.4,5
A17IZ3IVXU2SFG,9,3.5555555555555554,9
A17J99RXD7FY5U,5,5.0,5
A17JBZR32TQ0Q5,7,4.142857142857143,7
A17JK4CIP8BQR9,6,4.333333333333333,5
A17JPFHBEDUD92,8,4.25,8
A17OPAODXLRU7K,6,4.0,6
A17Q324J112S60,5,4.8,1
A17SL395LGMOXO,5,4.6,4
A17SQ5GHL7FCTZ,8,3.0,8
A17SUBBTMYYVHC,5,3.2,5
A17V9O5ZQPYNSL,5,3.0,5
A17Y4HGCDHXR8P,5,4.6,5
A17YLTAUS8T0SP,10,3.0,10
A17Z5AY0PEREGA,5,3.4,5
A184AKBVD3WI86,8,3.0,8
A18530DRJJ0QAF,8,5.0,8
A1857L778VNM3D,5,3.2,5
A187RLCMMRN9FQ,5,5.0,5
A1880JK226QNP0,7,4.0,7
A1884NE7PQDXJL,5,4.0,5
A1898MVYM6AL0X,6,3.0,6
A18AGM3C0B6HK2,6,4.5,6
A18AR543O55850,5,5.0,5
A18F73ULAJ2XAZ,6,4.333333333333333,6
A18GO2S2IA2M4C,5,4.2,4
A18H3FQYX8C0HY,7,4.857142857142857,7
A18NDEH7WI0NTY,7,4.857142857142857,7
A18O2N02I0M03Z,6,4.833333333333333,6
A18PFI5SCT2KRB,6,3.3333333333333335,6
A18PSPZ9YP694,8,3.5,8
A18PYAC0F0P1KH,5,4.6,5
A18S2KRL0VCM2Q,13,3.5384615384615383,7
A18UDL4IASWZCP,5,1.8,5
A18YZ2LKT89K1A,5,3.4,5
A18ZJJ61KDBP85,6,5.0,6
A1909H5GT5V84F,5,5.0,5
A19237Q62CIRY8,5,2.8,4
A196YDJV6GG71Y,6,4.666666666666667,3
A199ICSPL9EXJ5,8,1.0,8
A19B0KZURJJMIR,5,5.0,5
A19BG46CBWTJB,5,3.8,5
A19DA1DGRG6QA0,5,5.0,5
A19DHGTOB8333E,10,4.4,9
A19DUZUK61EJS,6,3.8333333333333335,6
A19FL0NCZFKMPH,6,3.3333333333333335,6
A19GSPMATJEG8G,8,4.5,8
A19IN1JSQDLX26,5,2.8,3
A19JUYE0EES5CN,5,3.2,5
A19K918W5OWTXQ,7,5.0,7
A19NWFC4TU22ET,5,4.4,5
A19OAZLJVCCHSZ,5,4.0,5
A19PH0ZZX3H5PJ,7,4.142857142857143,7
A19QGRR83MJP7U,5,4.4,5
A19R5LCSQUHDB0,5,4.0,4
A19RJDM5E0PO7G,5,4.8,4
A19TN7UDB5JNHE,7,4.714285714285714,7
A19V3LEFP27YNK,5,4.2,5
A19YZW73065CIF,6,4.166666666666667,2
A19ZFU1CDFTWKG,7,2.5714285714285716,7
A1A3G9EIZ63NQP,7,4.0,7
A1A4HGKZSSIO4A,5,4.4,5
A1A579H41Z9U19,5,5.0,5
A1A671F6188MOS,5,3.2,5
A1A6UI3AKI0RZY,5,4.0,5
A1A8HFVUYP5TKK,5,4.8,5
A1A8RABZPTD7HL,8,3.0,8
A1AB9EXKJM3WDN,6,3.1666666666666665,6
A1AC1ZXX9IBCTT,5,4.6,5
A1AHIS29D50G9D,10,4.0,10
A1AJ73OZLC56BO,6,3.8333333333333335,6
A1AKQPGEUU069N,5,5.0,4
A1AL9KWL6ZISSJ,8,4.5,8
A1ALCUX70AVFWB,5,4.8,5
A1AMJB2NZKCGJV,5,3.4,5
A1AOGYIHBWK9LQ,5,5.0,5
A1AOW4VH0ZZY4R,10,3.0,8
A1APALJ74DGTFC,5,4.2,5
A1AQLFBSHQ1V1A,5,4.8,5
A1AS1520CGYJ79,8,5.0,0
A1ASBF2KK7X6BW,13,4.615384615384615,13
A1ASIG37BW08VZ,6,3.5,6
A1AUEUD7NP1LUC,10,5.0,10
A1AUKN0JQZV605,5,4.6,5
A1AUQZHKXCR0VG,6,3.6666666666666665,6
A1AWX0M8R6A2I1,8,5.0,8
A1AYBSMKE568JO,7,4.428571428571429,4
A1AYV691ON7K6I,5,4.8,4
A1AZB0YI9NMQ04,5,3.8,3
A1AZKWWA2UTEXJ,6,3.8333333333333335,6
A1B0Q4YP3RZV4U,8,4.625,7
A1B12H6FQ94PET,10,4.8,10
A1B178F2HW7JN4,6,3.1666666666666665,6
A1B1B68XXFLUGC,5,4.4,5
A1B1NRB23SZLJA,5,3.4,5
A1B2FSMP35RD3D,5,4.4,5
A1B2TIX9F7RG8Y,5,5.0,5
A1B3W4RSJ1CJEO,8,5.0,8
A1B453O97LURDL,9,5.0,9
A1B7JA2Q265QJ2,5,4.8,5
A1B8US60MAG8N4,15,4.6,15
A1BA11NUIYKO9C,6,3.6666666666666665,6
A1BA31W85DTC2F,5,4.4,5
A1BBQ0OVHUAVS2,11,3.5454545454545454,11
A1BCEK7ECLV93W,7,4.714285714285714,7
A1BDMSNJVHCS8W,5,4.4,5
A1BEG36T44ET0D,8,3.75,8
A1BGH69DH07M72,7,4.142857142857143,5
A1BJEFK03I8SIZ,5,4.8,5
A1BN6I0B2OF7WB,8,1.0,8
A1BOI8ONABSXIB,5,3.0,5
A1BOYWPKZIT2T0,6,5.0,6
A1BPSPZWBJ8DBX,6,3.0,6
A1BQC32PHYS1GG,6,4.666666666666667,0
A1BSPC7TYU5ZJF,5,4.6,5
A1BU08PQ3SQFO8,5,4.2,5
A1BU43IBOYVZY6,5,5.0,5
A1BU5W1YDUJ02B,10,3.5,10
A1BYEHRTUTXU2E,5,4.2,5
A1C05OZNXP6CM8,5,1.8,5
A1C1U49QXE5JVU,5,5.0,5
A1C1UK1VCQ6ZLU,14,4.785714285714286,14
A1C2OAGOVQ8SD2,7,4.714285714285714,7
A1C574DVC8IATJ,6,3.8333333333333335,6
A1C64U1GBKG2W6,6,2.0,6
A1C6TSB91Z5GPF,7,4.571428571428571,7
A1C6XTCXD5JCY4,6,4.666666666666667,1
A1C771GEA4K4MX,6,5.0,6
A1C7YGEXQAHTBJ,5,5.0,5
A1C80VYQMM3FQB,5,4.6,5
A1C8AXFWZLHHV0,5,5.0,5
A1CB9NHXLYHXV8,7,4.285714285714286,7
A1CCDHF6896B6B,5,4.4,5
A1CCJ3BSLZVRDS,5,3.4,5
A1CCM4QGPXTNDC,5,3.6,0
A1CEIKEQ0Z97W6,6,3.1666666666666665,6
A1CEIO7D51NQGE,7,3.5714285714285716,7
A1CG3CX6AADO0D,11,4.636363636363637,0
A1CI2OWVQETG87,6,3.3333333333333335,6
A1CI8O78N8CGVC,6,5.0,6
A1CI90S8MY9BVM,6,4.0,6
A1CIQ2ULKB933A,8,3.0,8
A1CJ6O1X765F7N,8,3.5,8
A1CKPC88NHMYGR,8,5.0,8
A1COJ8DR51JJUR,12,3.8333333333333335,12
A1CS223MR7KV0I,7,3.7142857142857144,7
A1CS6WC4HJMAI1,5,4.0,4
A1CSM345QQ272A,5,3.6,4
A1CT1N98MMFUVN,6,4.333333333333333,3
A1CUULH41QQSPB,5,4.8,5
A1CWFPCNDTU10Q,5,3.8,5
A1CX1VCVZFGE9V,5,3.2,5
A1CXH1XZJDSDDX,10,4.8,10
A1D0ADFUFIRRJU,6,3.8333333333333335,5
A1D1GXKX7KT7DL,6,2.8333333333333335,6
A1D1R87GILHC6M,5,2.8,5
A1D2GF3FTY0JFL,5,2.4,5
A1D6THAJG4XGSP,6,5.0,6
A1D92XO0V4XQJR,7,4.285714285714286,7
A1DC4YD1BWLXBF,7,4.142857142857143,7
A1DCVX9KR21X7J,5,4.4,5
A1DE2D1YWVYDM,5,3.2,4
A1DF4MM3K93J0W,9,4.0,9
A1DGQ5NB1AGGZ2,14,4.428571428571429,13
A1DGWT1Q1TEGEH,11,3.5454545454545454,11
A1DHIMM5SZGIIL,6,4.666666666666667,6
A1DIW4H3MV0QUK,5,4.8,5
A1DJ9ZJH1RKQIE,8,5.0,2
A1DMHDF0WQXGT,6,5.0,6
A1DMR9N5Q2354X,5,4.4,5
A1DOF5GHOWGMW6,5,4.8,5
A1DRDTGZUGYDE3,5,3.8,5
A1DT2SZJ82Q66E,5,3.6,5
A1DU6H3WIN1G0T,5,2.6,5
A1DUUIPAZYEUI8,6,4.833333333333333,5
A1DVOBTTQCEUGF,7,4.857142857142857,7
A1DX2WRQ2ZHAEK,8,5.0,8
A1DY5ZHPL82K8Y,5,4.2,5
A1DY64T6VYWK4S,10,3.6,8
A1DYXE3QLZH9ZS,5,4.8,5
A1E093ASOQ3DBF,6,3.3333333333333335,3
A1E0RVFET890B8,5,3.0,4
A1E0TWNG0UR81D,8,4.25,6
A1E1O6DLMKGMXV,5,4.4,3
A1E1TANH91H8UV,5,3.4,5
A1E30NRJSU4QU9,5,2.6,5
A1E3U9SX28CYUW,6,4.166666666666667,6
A1E45W66ALHA0Z,8,4.5,4
A1E4Y7BABMEA03,8,5.0,8
A1E75ECK7949GJ,5,3.2,4
A1E7C4BELBFLRW,8,4.125,8
A1EAZ5RHWVWR59,5,5.0,5
A1EDZMQXI4GT6V,5,3.6,3
A1EE1EP2G0HKQ,8,5.0,8
A1EF7YWCNN7E9K,7,5.0,7
A1EH7MY1LOTYDZ,5,4.2,5
A1EHZFHWZJ7GL,5,2.2,5
A1EJXPJ9X4YRYB,6,3.6666666666666665,4
A1EKELIUC7HBO0,5,5.0,5
A1EKH3E37YZTLM,5,3.6,4
A1EKWMB77ETI3Y,6,3.6666666666666665,6
A1ELZTAKUYLSFV,5,4.2,5
A1EMLGXN68MS19,5,4.6,5
A1EMQI4HPC3K3N,5,5.0,5
A1EPOKHLT6639X,5,4.4,5
A1EPXRQTXMKIBM,15,3.7333333333333334,14
A1EQT1OFS7M5HH,6,2.8333333333333335,6
A1EU43WBATH472,5,4.8,5
A1EVDWA956XRJW,6,4.5,6
A1EVK4HG8LA05L,5,4.4,1
A1EVTS3FKVXNOD,5,3.6,1
A1EWNWTJPKEO4Z,9,4.555555555555555,9
A1EWRJ51SG43Y5,5,3.0,5
A1EZN3E9R322YJ,6,4.333333333333333,6
A1F0BBO30FO1ZO,6,4.166666666666667,6
A1F43W5DW7RGLL,7,3.5714285714285716,6
A1F5Y6SFGTZEY3,5,3.8,1
A1F6LKEC43RSZM,8,5.0,8
A1F8Q4S0TQBXZB,6,3.1666666666666665,6
A1F9M5YFF6U8WY,5,5.0,4
A1FBXEKJ4V7NNF,7,4.142857142857143,7
A1FGXFMFKV166T,6,5.0,1
A1FHI54CNT1ROB,5,4.4,3
A1FHMIEHUUAWHZ,5,5.0,5
A1FHRL33M3VTBW,6,4.666666666666667,6
A1FLJZVGCLWHZ,8,5.0,7
A1FMBN4GPA8J5Z,6,3.8333333333333335,6
A1FNEU8X8GDMCX,5,2.6,5
A1FQAVH5JBSV6A,9,4.555555555555555,9
A1FTUK5W26BKXP,7,4.571428571428571,1
A1FTW57MBSW7GX,5,2.8,5
A1FUH7T6A4GKHL,6,5.0,5
A1FY4RR0LGCJ0Q,11,4.818181818181818,10
A1FYBW0T470MQS,5,1.0,5
A1G0HYMR02WM2W,8,3.0,8
A1G0PQAP4268KW,6,4.333333333333333,6
A1G2ES6CDC77S5,6,4.0,5
A1G721WUM5ARAB,5,4.0,5
A1G7H9VHQCRGVI,5,2.6,5
A1G88E6NQIQ0PX,5,3.8,5
A1G8V5SUBMFOOG,5,4.0,5
A1GDECXY034229,5,4.6,5
A1GEAW3J0RZTFA,5,3.6,5
A1GF9QFZ2BRZTA,5,4.4,0
A1GFNLBGVVENHS,5,4.0,5
A1GHSF1UT7K2YF,5,3.6,5
A1GIE6G4QGROUV,5,3.2,5
A1GJTTKWXX3W5B,5,4.0,5
A1GJU26YIPMU1I,8,3.875,8
A1GK1WAG0LK7II,5,4.6,5
A1GKQKAQCM39UX,5,3.6,5
A1GNPPDHKPQ8LE,6,3.8333333333333335,6
A1GNZ4F1S6VTSH,6,4.5,6
A1GPV71NSBUDQT,5,3.4,5
A1GQ2TRY8J631M,8,5.0,8
A1GRQWBMXWWA4H,6,1.6666666666666667,6
A1GT1QTHBFOGOW,5,3.0,5
A1GTC5EVSJNCQ8,6,5.0,6
A1GU8OU7AOWNQ3,10,4.6,7
A1GV3CGFG3JEYE,5,4.2,5
A1GZ9Z5M3Q4FDK,8,5.0,0
A1H04SJ9LYS3W2,6,4.833333333333333,6
A1H05EIOUSNIH9,6,2.0,6
A1H0JR5SP715VM,5,4.0,4
A1H23ST7472S6L,5,5.0,5
A1H2WJSALF3E9U,13,4.615384615384615,12
A1H3WNFUXTX8VY,6,4.333333333333333,6
A1H48D6QP93FN7,7,3.2857142857142856,7
A1H8CX2DUUEW7I,5,4.8,4
A1HB4ZQVE4TTRI,6,4.0,6
A1HCDSYU84RSNV,6,4.833333333333333,6
A1HFP2IVAPTUEC,8,4.125,8
A1HGEZJVYD89HD,5,4.2,5
A1HIFS55GV44TJ,5,2.2,4
A1HO2H9JVLU2I3,5,2.6,5
A1HRTDAIC0VCU3,6,3.0,6
A1HTREEKDS2GG5,7,4.285714285714286,6
A1HWNVZ2FXT36,5,4.4,5
A1HXVAMH5RZR96,5,4.6,5
A1HYXS6TAOOXVZ,5,5.0,5
A1I2PES89FWTCQ,8,4.625,0
A1I6L9D0CH2I7G,5,3.4,5
A1I8KIQI1WV83O,7,4.428571428571429,7
A1I98GJAHJHSAM,10,4.9,10
A1IBM7TVYJFVCM,15,4.0,15
A1IBQIJ72CQSLJ,5,4.6,5
A1IBUBA244PDJ,6,5.0,3
A1IBV58RZ4O2J8,5,4.8,5
A1IE2I6J37INE,7,2.5714285714285716,7
A1IE5BGNY2JTF4,8,2.0,8
A1IEZ636VIS85H,6,5.0,6
A1IF453C517GFF,5,3.8,5
A1IGAIAQBKBXRG,5,3.4,5
A1IGCUY11IG8I2,5,4.0,0
A1IGQZIHKOQGE7,5,4.0,4
A1IJDQ9PPIGA3P,5,4.6,5
A1IJUCICSBF7LA,6,4.833333333333333,0
A1IL92G1WFS5NZ,5,2.4,5
A1IOGBFLBDHP7U,8,4.625,8
A1IR4GED6BXNSR,8,5.0,8
A1IT4KHIA09H56,8,4.75,8
A1IU32BNM1PVJL,6,3.5,6
A1IXBQ0BRUG9IS,7,4.857142857142857,6
A1IY7LPCTQZQEF,5,4.8,5
A1IZ46II7JUIXG,5,3.4,4
A1J0TQP3RM26DU,8,4.375,8
A1J1451U7NXL8E,6,4.166666666666667,0
A1J1A8V9VGX0HI,6,3.8333333333333335,6
A1J1MF927Y9CHL,5,4.0,5
A1J3XYI0M1D0LW,8,4.0,8
A1J5CQ2Q7EAE9B,7,2.5714285714285716,7
A1J6W0XVTFE9DX,9,4.666666666666667,9
A1J7BKIOA9IPH9,5,3.8,5
A1J7RPYGVGH5O3,27,4.37037037037037,26
A1JC0BR1N8ZFSU,5,4.4,5
A1JCOF891H68OJ,5,4.6,1
A1JHGHQW6YCOZ0,5,4.4,5
A1JL0D4KG4GZ1N,5,5.0,5
A1JL4PWGAIXOOW,8,3.0,8
A1JNISFZFC3FU,6,4.5,1
A1JPIAM1U88QGK,8,4.25,3
A1JQP9GIB1DYYG,5,4.8,5
A1JREDMJ9XG0TW,6,2.0,6
A1JTK4V1JM76DQ,5,1.8,4
A1JVIJQ6IA301N,6,1.0,0
A1JXPVFFF5IBQL,5,5.0,5
A1JXY9I578VQ3O,7,3.5714285714285716,7
A1JYKRDS7NW5NB,5,4.8,5
A1JZ4V11SF2MCN,5,3.8,5
A1JZFGZEZVWQPY,5,4.6,0
A1JZJ113WGNJP0,5,3.6,5
A1JZUJ8J7EL15X,5,4.2,5
A1K0VEMIB5QF7I,8,5.0,8
A1K32FHZ4PHE04,5,4.6,5
A1KAN4NVYKGCJ9,7,3.5714285714285716,7
A1KBVJDNXHU8M1,5,3.8,5
A1KCUIY8RTA0RT,11,4.181818181818182,11
A1KE4MEM04SE32,5,5.0,2
A1KJIY0ILO4D5D,6,4.833333333333333,6
A1KOQUL7SWSHNG,5,2.0,5
A1KPFFU7NOVNCY,6,4.0,6
A1KPVRW3QEUOQZ,7,4.857142857142857,7
A1KS1Y2TMVUTDP,5,4.4,0
A1KS4YW4M6EK84,6,5.0,6
A1KSE9KF1WP564,5,4.8,4
A1KSRFRKC2MJZA,5,3.6,5
A1KT9FB9J9QT7I,5,5.0,5
A1KTUN83EOUTGU,5,3.8,5
A1KV72W233C3I7,6,5.0,4
A1KWMBLZUYOOLR,5,5.0,5
A1KXZH02EAATIL,5,3.6,4
A1KZK9FMTJ3UY4,5,2.6,5
A1L0ADMPI0HUU2,5,3.8,5
A1L1FO53HCA6NB,7,5.0,7
A1L2B9R5P6JT9J,5,2.2,5
A1L34AUMJL8CW6,9,4.0,9
A1L3NFQAR2YDUK,7,5.0,7
A1L5KURO3YE7CW,5,4.0,5
A1L7TD1CZQDK6R,8,5.0,8
A1L8GWQEYHSGJO,5,3.6,5
A1LCV2UNXGHB0W,8,5.0,8
A1LE7W8597J9BO,5,4.4,5
A1LKTJ6HKH077C,8,5.0,8
A1LL99C4Y9LOP9,5,3.6,4
A1LLDHUO4OLXYI,8,5.0,8
A1LLX8PMQSAUHT,8,5.0,8
A1LNNL67MI7HKI,5,4.8,5
A1LQBLEHGCNWNN,5,3.8,3
A1LWZ405TSXD92,7,4.428571428571429,7
A1LZPBY2COXGC4,5,5.0,4
A1LZXPCNQZ7BCF,11,4.636363636363637,11
A1M1Y5UGONAW06,9,4.111111111111111,9
A1M2YJHH48CQLL,5,3.6,3
A1M568GZFJNL1E,6,5.0,6
A1M5PKY47N6P1N,5,3.0,5
A1M7LSYQBCVD0U,6,4.0,6
A1M7YFJX5QX4XV,6,1.0,6
A1M9649XWMZ7G0,9,5.0,1
A1M9TCW40OZY7,6,3.5,6
A1M9UWGQTBY7RH,5,5.0,5
A1MC0K9UNT5OO7,6,4.5,4
A1MCLK4TG89DVL,5,4.6,5
A1MEZNNYI5MQHG,9,4.333333333333333,1
A1MF83RMFXN6TF,5,4.4,0
A1MG42648NHLN1,6,3.6666666666666665,6
A1MG7DNB6J1V8P,5,5.0,0
A1MHDGUNHK9ONS,7,3.0,7
A1MNNZPB4EV169,6,3.3333333333333335,3
A1MP8RYUGPMSKM,5,4.4,5
A1MPKNJGY4EZ6M,5,4.0,5
A1MR472PQ40DGR,6,4.0,6
A1MRV9F8IGXKTQ,5,4.2,5
A1MW215W7L41T1,8,4.25,8
A1MY5D77UNWLI8,6,4.833333333333333,1
A1MYOVT2FATS1Z,5,4.0,5
A1MZKALGT5G0BR,5,3.8,5
A1N0J4RQSZM91D,5,5.0,3
A1N14KMNL9SAUR,5,1.4,5
A1N6E7GK0WN5CL,6,2.0,6
A1N6G4GASGAYEI,5,4.0,5
A1NAMZZFTFRD2G,6,4.5,6
A1NBH6OGAD3BSK,8,3.0,8
A1NCY0KWVFW829,6,5.0,6
A1NDQD1QJKMKE,5,2.2,5
A1NEPVM1PARL04,5,3.8,5
A1NFRRSS4MB9O1,5,5.0,5
A1NHSN1NUIYXEZ,5,5.0,0
A1NJ67OIKPUF9G,6,4.666666666666667,4
A1NLKG61470INI,5,4.2,1
A1NLP9YPT065CZ,6,3.8333333333333335,6
A1NP2HVXR3KPEP,6,5.0,6
A1NSO2W4V9CEOX,5,3.0,4
A1NTI9B7VY30JM,8,5.0,8
A1NUTABYA0GIWX,10,4.4,9
A1NUVHF76CICSO,5,4.0,5
A1NVUR4LJG7SB1,8,5.0,8
A1NVXXRJINGPOW,6,4.166666666666667,6
A1NW0OEHCGV11K,5,5.0,5
A1NZP50XSJ9GUW,6,3.3333333333333335,6
A1NZX8JAG0BCGG,8,2.875,7
A1O03YF5HAZ6FS,5,2.2,5
A1O04GKA1CNH6C,5,3.4,4
A1O2WW5DF0MGOZ,5,4.8,5
A1O6GWD9FMB7J6,8,4.125,4
A1O93S8Y9GOS6N,5,4.8,4
A1OEDYVVDU0HEU,5,4.8,5
A1OFFB5DLIHH41,8,5.0,8
A1OFJZYJN0HAB,5,4.6,5
A1OK7HI3YI9682,8,5.0,8
A1OKU3XC8YF5P6,5,5.0,5
A1OM5S4Z9J2JQQ,8,3.0,8
A1OMJP1UG1KCA,5,4.6,5
A1ONQ4VXPKQ6A2,5,4.8,5
A1OOBIVO3APP7E,8,5.0,8
A1OPM99N8DTXA1,6,1.1666666666666667,6
A1OUV71H6UIAXC,5,5.0,5
A1OV9TAAR9TSPG,5,3.8,5
A1OVI6WAZ405QX,7,5.0,7
A1OWUKMLTHKYG,8,5.0,8
A1OXCD0BV1ATC4,8,5.0,8
A1OYSQP5A5PUZ1,7,2.2857142857142856,7
A1OYVYWR7L5RA2,5,4.0,5
A1OZMZ4FLR5UPW,8,5.0,8
A1P0VD2CF3UDB4,9,2.6666666666666665,9
A1P27EXNZ3G8WJ,6,5.0,6
A1P2JNN8ODD6WA,5,2.6,5
A1P2JWDZ4SFW78,8,5.0,8
A1P3D39MV4ZVE7,5,4.2,5
A1P3R1AUAVP7L,6,5.0,6
A1P62PK6QVH8LV,6,3.5,6
A1P7MSHX6RLTSW,5,3.8,5
A1P8M0NF4VFHVE,5,3.6,5
A1P9ZMD5KGA5K0,8,4.75,2
A1PAACKPWJRKWU,6,3.8333333333333335,6
A1PAUD4GQ1R7QW,5,1.6,1
A1PB5FZA0KODQ2,5,5.0,5
A1PFKS00R93MRZ,8,5.0,8
A1PGV9OVSC0YE6,6,3.3333333333333335,6
A1PHW4QY737E3H,5,4.4,5
A1PJP9MKDSGZPV,5,4.4,5
A1PJXV5DCI010T,5,4.8,0
A1PM9VYKIJNJM,5,3.6,5
A1PP0CWWC2CUEW,7,3.0,7
A1PP2CWYBMLYV2,6,4.166666666666667,5
A1PQMYNXB995KW,6,5.0,6
A1PTJYFWTK2JED,10,4.8,8
A1PWFZ8E3N2218,5,3.8,4
A1PWIWKLIAVSUW,5,3.8,5
A1PWN3Z4VT1ERJ,5,4.0,5
A1PZDJFFV6O0MS,5,4.2,5
A1Q0ANL89INJLA,5,5.0,5
A1Q0HJYZ5QV4RO,5,3.4,5
A1Q1ZDZZ7XNYU6,5,3.8,5
A1Q3DWA9HTLQWL,6,4.666666666666667,6
A1Q53GUQ8M99U2,9,3.0,9
A1Q6QXNFIYRP4V,9,4.333333333333333,9
A1Q9CD15Q1A70A,13,4.846153846153846,0
A1QAG6BMWAJWOQ,5,3.2,4
A1QARLRDNKUALF,7,3.142857142857143,7
A1QBNK32CGZQ94,5,3.0,5
A1QBOC76MIOJYP,5,4.2,3
A1QC1HQHXR8RPH,5,5.0,5
A1QCDKT5XOECY4,5,5.0,5
A1QCHRFAH5F4TG,6,4.166666666666667,6
A1QECNB6L7TFZT,5,5.0,0
A1QFOFFE8WRI48,5,3.8,5
A1QFVCO1G5FMPL,5,2.6,5
A1QG78J6097OO8,9,3.3333333333333335,9
A1QGM2FHBPZ7FM,7,4.142857142857143,7
A1QGX3IWOHIZYA,8,4.0,8
A1QH4J3GAASUZE,5,3.4,5
A1QIG8RJL0KF1G,5,4.4,5
A1QJYDROBH6F3B,8,4.5,8
A1QK3NV4O6F4IM,5,3.6,5
A1QL6WZ4EJAUTD,6,5.0,6
A1QNRU7SXDF34M,6,3.6666666666666665,6
A1QPKAPQSAD80J,5,3.8,5
A1QQ2DZ719SVWX,9,3.111111111111111,9
A1QRQDM15KOZPX,12,4.25,12
A1QTMDC92QHZ6E,5,4.4,4
A1QUA154TK1BC1,6,4.833333333333333,5
A1QUXN0A1WXC3V,6,4.333333333333333,6
A1QZV70S9GCGSN,5,3.0,5
A1R01MQTVNMU73,6,4.0,6
A1R0798K5DDQZP,9,3.888888888888889,0
A1R3UTJNCZX445,6,4.5,6
A1R72I5WAD65BT,5,2.8,5
A1R7S4XNZLSLBH,8,2.0,8
A1R9CFF27RIALC,8,3.0,8
A1RAN8WINXSOUW,5,5.0,5
A1RATAT1VKU6HG,7,4.428571428571429,7
A1RDPZ4WDGKLHW,6,1.5,6
A1REAVAC2GA7VN,10,4.2,0
A1RF29TDECR6KS,11,3.272727272727273,11
A1RHHYE2N45OM3,5,5.0,5
A1RHM61RX40L7E,7,4.857142857142857,7
A1RHYTRQQG3FXK,6,3.0,6
A1RL260C87HXN8,9,3.2222222222222223,8
A1RL7H9RCQ6T5B,6,4.5,6
A1RMZ2JABSIU2W,8,4.25,8
A1RN5UT6LM0NLL,5,3.8,5
A1RN8ZNCTQYOI5,5,4.2,5
A1RNS06YMZXM0K,8,4.0,8
A1RNXMX5N153K,5,4.4,5
A1RQJM5J79DP6K,5,3.4,5
A1RRK0DPVHVSE8,8,3.625,8
A1RRX286ZRI830,32,4.65625,32
A1RS06313BL6WN,6,4.666666666666667,6
A1RT8ALETI206A,5,5.0,5
A1RTL8Q1JUJLJI,5,4.8,4
A1RUHRJSCPXHQC,5,3.8,5
A1RVDD4O9OPHAM,17,4.882352941176471,17
A1RWF29TTP9WTS,7,4.571428571428571,6
A1RXQ265IXF86,5,4.6,1
A1RYFAH7BOYIA0,7,3.142857142857143,7
A1RZ2RL1Q3M4YI,9,3.2222222222222223,9
A1RZ8PQ05DQOCR,6,4.833333333333333,6
A1S0REJJJF8PEX,5,3.4,5
A1S1J45UFGG8MT,6,3.0,6
A1S1PIDF3P3PUY,5,4.6,1
A1S3SNNI9VINFJ,5,4.6,5
A1S4O68F0UG4GA,8,5.0,8
A1S5EBA5S58CBE,7,4.714285714285714,7
A1SB5QY9T1FQZT,5,5.0,5
A1SC6HVU28ND3D,8,5.0,8
A1SCGRGOG74N85,7,4.142857142857143,1
A1SD2O9E93IDCG,5,4.0,5
A1SHCL07J75XP,5,4.8,5
A1SHJ3MXRD2TPV,10,4.1,10
A1SJ4MTL9K5UWU,7,3.7142857142857144,6
A1SLGX7ZBYISBX,5,5.0,5
A1SLTI27QDSCXV,11,4.7272727272727275,11
A1SNAWQ3DYNK5I,5,4.8,5
A1SOPIJUQEAB47,7,4.142857142857143,7
A1SOTV1K4O5OFV,5,3.6,5
A1SOYB76JF4J9N,5,4.2,5
A1SR58S4CXKU5G,8,4.0,8
A1SRU3K3H30TQP,5,2.6,5
A1SVYZOJP0K90T,5,4.6,5
A1SY99HRG8O3YV,7,3.5714285714285716,7
A1T4S2XJPEY9AB,5,4.2,5
A1T4Y41CCA3VO,8,4.75,0
A1T5B6BNWEZIIB,6,3.1666666666666665,6
A1T708NWV60HSO,8,5.0,8
A1T81G8ZTMCZG2,5,5.0,5
A1T83L8EUQH17C,5,3.6,5
A1T8YUO6W77NP4,5,2.8,5
A1T9B6RRL3KJRP,5,5.0,5
A1T9YPNY07STGX,7,3.2857142857142856,4
A1TB3KTV1I4V6H,7,3.142857142857143,7
A1TBL084ZECQUY,5,4.0,5
A1TDGTFR0VOIYJ,6,4.166666666666667,5
A1TE2VK6YO1LM8,6,4.5,1
A1TEBP1FCCJW5V,8,5.0,0
A1TFZVGT6J5NYZ,8,5.0,8
A1TGOHVVSTWYVI,5,5.0,3
A1TH2V7X5V93Y4,5,3.8,5
A1TKPYCOI1IZVL,6,5.0,1
A1TLGZFKWDD2UZ,9,5.0,0
A1TLR7M9ZPFN8T,6,3.3333333333333335,6
A1TNKR9EPRDGCW,5,2.0,5
A1TNTDT3ODFYET,5,4.0,5
A1TNXAAIRRR1JI,5,4.2,5
A1TPDOE4FV33WW,5,4.8,5
A1TPJU5KVQ2X3U,5,5.0,5
A1TPTRMYHOFPES,11,4.181818181818182,11
A1TS45JWJVOSSW,5,4.8,5
A1TSKC7FB8KOMJ,12,5.0,0
A1TTMWECVN9ZXY,7,4.714285714285714,7
A1TV6367GN6JD2,8,3.5,8
A1TVOE8X393FI4,5,4.2,5
A1TZ9JOZLNOUI2,5,3.2,5
A1TZLT3JZGLSGW,7,3.7142857142857144,7
A1U0JKZTPGRHG3,5,2.6,5
A1U3ECKVWU6V2S,6,4.166666666666667,6
A1U52ZER2DR7ZI,5,3.8,5
A1UAGRX7E2ZTTA,5,3.4,4
A1UIEIKYD2UR8,5,5.0,5
A1UL5GT5OGY4C,6,4.5,5
A1UO2KCXZ062KM,5,1.8,5
A1UODWQ2K6DFXT,5,5.0,5
A1UOOLK7AJ4V1L,5,4.8,5
A1USW773RKOSKG,5,1.8,5
A1UU36S8BBARR5,5,4.8,5
A1UUW7EG3A6BK,5,4.6,5
A1UVQ1J6FO55LI,10,3.9,7
A1UVUAUXEH5GK9,6,5.0,6
A1UVWOQTPDSYGY,8,2.0,8
A1UWDTDFI360KN,5,3.4,5
A1UWZA26EHDVXQ,5,3.8,4
A1V07UJPDWGH4S,5,3.6,5
A1V0U2ZFSV1F00,7,3.857142857142857,6
A1V17LS78QNDC5,5,3.0,5
A1V28XCBID9IM,5,4.0,5
A1V2WOARN717UP,6,3.1666666666666665,6
A1V2ZZ8P7P53DG,5,1.4,5
A1V5LCK5ODPRWE,5,3.4,5
A1V74MGUYUUFAK,5,4.2,0
A1V935MCODO9VA,9,3.7777777777777777,9
A1VAFWMXX6RT95,9,3.6666666666666665,4
A1VB09ELW25K89,6,3.6666666666666665,6
A1VBSVWWJVPQQH,8,4.5,8
A1VD4MZCITVSKK,5,3.2,5
A1VF66YYH0PSA8,7,3.857142857142857,7
A1VFX417XDNWIU,5,3.8,2
A1VH37JYIIHE3F,8,5.0,8
A1VHXDWT1K17GO,6,3.8333333333333335,6
A1VJNM6JJ8XCII,6,4.833333333333333,1
A1VKIZEM4HLCDU,6,4.5,4
A1VL0L75ENBDH6,5,3.0,5
A1VMRNBE20MCYM,5,4.2,5
A1VNCDQ2S0ZG3Z,6,5.0,6
A1VNQ0K2SXBVJD,5,4.0,5
A1VOT4YKV1AZ15,6,3.5,6
A1VPEWW3D9T9SF,5,4.2,5
A1VQQQJITCH112,7,4.428571428571429,7
A1VQSFKF00KOQ3,5,2.6,5
A1VV1ZELKF0KP7,7,3.857142857142857,7
A1VVXBYS0WZUSO,6,3.3333333333333335,6
A1VW2CWBKMHCQ5,6,3.8333333333333335,4
A1VXFXHDY4SRI5,8,5.0,8
A1VXLNSVU0FSRI,12,5.0,11
A1VYFKO39ANZ7X,5,1.8,5
A1VYUN6V57UEUL,7,3.4285714285714284,5
A1W0JCMP8MEN1H,5,4.2,5
A1W2999G87JBXY,7,4.571428571428571,7
A1W3Q2YIJU79CF,5,4.0,5
A1W511P7B2QSQE,8,4.0,1
A1W75MLLZKOMMY,7,3.4285714285714284,7
A1W8LWW6IWEXY4,5,4.2,5
A1WCCUK97Q5FFW,5,4.6,2
A1WCUGJ4KQP4HE,5,3.6,5
A1WEGXW4ZRBWYD,8,4.0,7
A1WGDEQCX7C852,10,4.3,10
A1WH46AXEFPASS,5,3.8,5
A1WJ4E8L7D1VCE,5,3.8,5
A1WK3VVSUB1FY7,8,5.0,8
A1WKQ94M45D8MG,6,4.833333333333333,0
A1WN8KYPPJFUOV,6,3.5,6
A1WQ69ZC4B1PN6,8,4.375,6
A1WSDHY131T9W7,6,3.8333333333333335,6
A1WSJFBQY33W2W,5,1.8,5
A1WVSBL8J4ZESK,8,5.0,8
A1WXEFXNL88S5M,5,4.0,5
A1WYKDNXLUDF4U,5,3.8,5
A1X00QJDA77YGN,5,2.8,5
A1X0HCTWXK286Z,7,4.142857142857143,5
A1X16Z75BRFPJS,5,3.8,5
A1X1DXP9HGXG27,8,5.0,8
A1X1J7YZ5SXB6O,6,3.6666666666666665,6
A1X1ZJUOWLSFPG,10,5.0,10
A1X3M6NIS2TSW5,5,3.2,5
A1X3UYV5B7TRGL,7,3.7142857142857144,6
A1X4XRWQK4KUIF,5,4.6,5
A1X6761FMCSES2,6,4.333333333333333,1
A1X6RA90CZPCSW,5,3.0,5
A1X9LD193F6ZA3,8,4.125,6
A1X9NKL71PG9YI,5,2.6,5
A1X9Q4I1NUPRHN,5,4.8,5
A1XCQF40LM0I97,5,5.0,5
A1XDVK62ZL2LHL,5,3.0,5
A1XFWCTFF0JFLZ,7,5.0,7
A1XFWQGTZLD08O,5,3.2,4
A1XHL0VGKV79YC,5,1.8,5
A1XHYRSYPY6D9B,5,4.4,5
A1XIW8WIJC6N16,5,5.0,5
A1XJ9VFOJ4LP2X,5,4.2,3
A1XJOSJN6FHFO0,5,4.8,0
A1XKQX71GJASJR,7,4.571428571428571,6
A1XL4QV234L1ES,6,4.166666666666667,0
A1XN2ORFU4W0SY,5,5.0,5
A1XN9JDTZGBZIY,8,4.5,8
A1XP74KYMV7VL0,5,3.8,4
A1XUHU23DE41XL,5,4.4,5
A1Y01U6OZLZE7I,6,3.8333333333333335,6
A1Y2XN4M64TD2,5,4.2,5
A1Y323I6UPTI0E,5,4.4,5
A1Y4P3W0GT57BZ,8,3.375,8
A1Y4PGVNW0I9RK,5,3.0,5
A1Y5FFRO1MVAEA,5,3.4,5
A1Y5TEGKKBL5X3,8,4.375,0
A1Y6Y1F5E5G2EI,6,4.0,6
A1Y76ZZYI90IYK,5,4.4,5
A1Y7UPMH4D6JF3,5,4.0,5
A1Y8VJRLT7KAFO,5,4.2,5
A1Y8YQKS66QSFZ,6,3.3333333333333335,6
A1YAP371XWJC6L,8,3.875,8
A1YDQUFEWIM5A,6,2.6666666666666665,6
A1YEP8FX0YK0LT,6,1.8333333333333333,5
A1YF57G9F26TES,8,3.75,8
A1YFO4RBUL7DMZ,5,5.0,5
A1YG0WUSWP9JBD,5,4.2,5
A1YIB0XETU5UGH,6,3.6666666666666665,6
A1YK4M3V25S706,5,5.0,5
A1YKY4Z65ZT44N,6,5.0,6
A1YMGTOO5O6TRM,6,2.0,6
A1YMM5JZYWTI82,7,5.0,0
A1YQ5E72DJSZHJ,6,4.333333333333333,6
A1YS1Q19Z1EXSZ,12,3.6666666666666665,10
A1YU6F9EEWPLAH,5,3.4,5
A1YU77KODVKF5,5,3.2,5
A1YVUUHT093E0K,5,5.0,5
A1YXEFF7P40P9Q,5,4.4,5
A1YXPOK29KGJ2D,6,3.8333333333333335,6
A1YYSWBMIOZO14,7,4.714285714285714,7
A1YYZ4VML8724F,7,4.714285714285714,7
A1YZ2LEWGGW0MT,7,4.0,7
A1Z00DK25E0CL5,6,4.333333333333333,6
A1Z37N7XE7FRD2,8,5.0,8
A1Z4QF87XQAR83,5,4.6,5
A1Z5K4BBE3A7K3,6,4.0,6
A1Z8U8IPBLBEU5,5,3.4,5
A1Z8X9TLVKF1YN,5,3.8,5
A1Z9IMID0XDD1D,12,3.9166666666666665,12
A1Z9Z5T6KG6P6O,5,4.6,5
A1ZB54SC6PYRWN,5,4.2,3
A1ZCSSCAGBCD49,5,4.4,2
A1ZDJ65ZVFU11I,6,4.0,6
A1ZDQK72L4XCUB,9,3.888888888888889,9
A1ZDXZB7BL55ET,5,4.2,5
A1ZEIDBY2FSFNT,6,4.833333333333333,6
A1ZF86G21PH4Q0,5,3.4,5
A1ZHDL73X7TTWV,13,4.0,13
A1ZIE141PO2X8I,5,2.0,4
A1ZMKPZ4YRF5VA,6,4.166666666666667,6
A1ZPY91VE3IDN1,5,4.8,0
A1ZR8LQHUOUFJP,8,3.0,8
A1ZS9NL5ME1N7C,5,4.2,5
A1ZU8IIO9QN1PB,5,5.0,3
A1ZVMJNCBOF284,5,2.6,5
A1ZXCS130K3JC2,5,3.2,5
A1ZZ36YXAT6GTZ,7,4.0,2
A1ZZSLTEMTV4HD,6,2.6666666666666665,6
A200G2ZQDL5BG5,9,4.222222222222222,9
A201NXTIRO1AFZ,5,4.0,5
A203T1JZI2WGVY,5,3.0,5
A205WTJH5G1S8G,6,3.8333333333333335,6
A206BKUMMV7DER,5,2.8,5
A2077NII5H62R2,5,5.0,5
A207IO2TNQNJWE,5,2.4,5
A208WZB4DZZ89T,16,4.875,16
A20BM8HLSQ3I65,7,4.0,7
A20CRHUPMH4I29,5,2.8,4
A20DLI2DE9PIPX,5,4.4,5
A20DZFBGQ4278M,10,4.5,10
A20ENEKIQ2JBV1,5,4.4,5
A20FH74XJF9KC3,5,4.2,5
A20GNX7U8I07QL,5,5.0,5
A20JT47EZTXM30,6,4.833333333333333,0
A20LSNTYVSACHL,5,4.2,5
A20MK213YDUGK4,5,2.6,5
A20N3ORMHFHAI6,7,5.0,7
A20NO8IQAGW47S,5,3.4,4
A20NZC5LTII9E7,5,4.6,5
A20OVM0ZIO2PU2,5,4.0,5
A20RY15POQ2DBI,5,1.8,5
A20T2NARXF981M,5,4.6,5
A20VIMQ8OPW3VF,7,3.2857142857142856,6
A20VOFRNEUXH8K,5,3.8,4
A20WHNZJ0VMFBI,5,3.4,5
A20WOM0M578B8N,5,3.8,5
A20XR6OXZS4GKI,5,3.6,5
A20ZCHB9EV90D4,11,4.181818181818182,11
A20ZIV7RG5L6NQ,17,4.882352941176471,0
A211W8JLJFDIC0,6,4.833333333333333,6
A214L1PZ91H4BV,6,4.166666666666667,6
A216VRMX3R5OUY,9,2.6666666666666665,7
A217UW41AYY6I,6,4.0,6
A2182PKLBKXADO,5,4.2,4
A21895XWO60EDU,5,4.8,5
A218T4MO2D9DF3,8,5.0,8
A21C6UG53V9ZZS,5,4.8,5
A21D8HSWFFF1O6,6,5.0,6
A21DXQFAP5TTHY,6,4.666666666666667,6
A21HH0VIBKK80J,5,1.0,5
A21I8AT008DGSP,6,3.6666666666666665,6
A21L4WMRW9ITF1,7,3.7142857142857144,7
A21LINF5H3XNPC,5,2.2,5
A21LX0AROD73W3,5,4.8,0
A21M1G84SE8SOO,8,5.0,8
A21M4CEVNP5O34,6,5.0,6
A21ORQG74MR3FK,11,4.090909090909091,11
A21OW7VVC35KDN,7,2.4285714285714284,6
A21P2TV5Y8G6V,6,5.0,6
A21PLUMLST80EK,9,5.0,9
A21QO7DHPKUHAP,5,2.8,5
A21SV1XYXF2GK,8,4.0,8
A21VKYRL2EM6J5,5,3.6,5
A21VOGH4KNBGP4,10,3.9,7
A21XW1M1DOSJS5,7,2.5714285714285716,7
A21XWKC1FALL5K,10,4.9,10
A21YNF201DS7MK,5,3.4,5
A21Z7RM7IUUPK6,6,5.0,6
A21ZKCIAF0XLSV,6,4.333333333333333,6
A21ZV3Q9IPI0VL,5,4.4,5
A220STV60KRN7W,7,3.142857142857143,7
A2217C32NV136I,7,4.714285714285714,6
A221POGY5NRINO,6,3.8333333333333335,6
A221Q1MAZ8DA1E,5,2.8,5
A222XHDXJQPCPP,5,4.2,4
A224LXFY54F0B9,5,4.8,5
A225UWT247BBBH,9,3.7777777777777777,8
A2272YKEYDP4DC,5,4.0,5
A227E3XJ8LIKAK,12,3.5833333333333335,12
A228G8Q1ATJYF4,5,5.0,5
A22ADNJ51NFKOH,5,4.2,2
A22BYJZNMYDTTQ,8,4.25,8
A22FO7L4Z3VKV9,5,4.6,5
A22FYN2DKXSWS0,8,3.0,8
A22H0VM1D2K93H,5,5.0,5
A22H9UJUTUFG0P,5,3.8,5
A22J4J99Y38HOH,5,3.2,5
A22MCHR6N4QYQ3,7,4.428571428571429,6
A22OCHKNFPTSFK,8,3.0,8
A22PJ6VAZ71GOC,6,4.833333333333333,6
A22PV02T6T5B4V,6,3.5,6
A22PVW4MCTUN59,6,4.0,6
A22PZ0THAKO6TF,5,4.8,5
A22UZ83ZY8RN6I,6,4.666666666666667,6
A22WG2NE4D47UM,8,5.0,0
A22WH1BPQH7XJD,7,4.0,7
A22Z9UA04ZAQVL,5,4.8,1
A2310ZUFEBXVYR,5,3.8,5
A232J1FHOQI5YN,8,5.0,8
A23384ECKZYH0N,5,3.0,5
A233H39NU2IN86,7,4.0,6
A233ZV9VS0CE4G,7,3.2857142857142856,7
A236RYWNTAABDC,5,3.6,5
A23D2WSMTTIYXT,7,4.285714285714286,5
A23DW7C22USELL,5,2.2,5
A23EG9TP6NVYMY,7,4.571428571428571,6
A23H50RT6SLXY9,8,4.0,8
A23J2YJ1PIUTLP,5,5.0,1
A23LYYPZPV3W21,6,4.166666666666667,5
A23MEU4RW9JD9W,5,4.2,5
A23MTBJ2L3L08U,5,5.0,5
A23O9YCCTL4IMG,5,4.2,5
A23OI841AMMKRV,6,5.0,2
A23OIZ7VK5GFYU,6,4.166666666666667,6
A23OJ1EP13SXAQ,6,4.0,5
A23OUIC2KDYQZP,6,4.5,6
A23P7HJBRQ0F7L,5,2.6,5
A23SSHQJCD1CPV,7,3.2857142857142856,7
A23TE15JI8Q2YQ,8,1.0,8
A23UNOKRMTLYY0,6,5.0,6
A23WG44FVQHQNZ,5,4.8,5
A23YUE2K9USU95,5,5.0,4
A23ZMVH2IZ2YEX,5,4.2,5
A242CJWF7LK7O3,7,3.0,3
A243ZDA6MVJAEP,6,4.166666666666667,5
A244G65ZHPFK94,5,4.6,5
A244SPPQ6QAAQE,13,4.6923076923076925,12
A246RG8KSPK5XS,8,5.0,8
A246XKDN2IIY7F,12,4.583333333333333,12
A249HB6SVKT4PU,7,3.857142857142857,6
A24C6IPFDQ2A9P,7,4.285714285714286,7
A24CKF8O2ETQ4N,6,3.8333333333333335,6
A24DSR6Y3A08QM,8,5.0,8
A24GRRP1WEQ3IP,7,3.5714285714285716,7
A24GS8VZZNFCJM,5,3.0,5
A24GZVD1P1MP0V,8,4.125,8
A24KA464F5EBCX,8,4.375,8
A24L8NUCIBB8Z4,5,4.0,5
A24N70DKWTVZ6X,5,3.2,4
A24NURX4PZIU7B,6,2.3333333333333335,6
A24OAGS785HH9U,5,4.4,5
A24PXWD67V1A4Z,5,2.6,5
A24RGTBF8O659L,5,1.4,5
A24VP63P58NXJR,5,3.6,5
A24VUNXRNSOITO,6,4.666666666666667,6
A24WOPYMAPY00P,6,3.0,6
A24WS4VO7RWU45,5,3.0,5
A24XFZOMX3P9K0,5,2.8,5
A24XLUTIMFYYQJ,5,4.0,5
A24XQ9IRU17Q4I,6,4.666666666666667,6
A24Y8SKXEZEXL2,5,3.8,5
A25084XNTBFXI2,5,3.8,5
A252MUKNETFQFH,5,4.2,5
A253XRSWVFP8V2,5,5.0,4
A254PZG278MFBS,5,3.6,5
A259FP2E2LPSNM,5,4.6,5
A25AXL9N6ZLAOE,5,3.4,5
A25D104HKTNWTS,5,5.0,5
A25GT9LCX60N8H,6,3.5,4
A25IHNDEVZSV59,5,2.0,5
A25JV7FNTK4L9U,6,4.0,0
A25KO4211C481,7,3.5714285714285716,7
A25MUQG3IOUSX7,6,3.5,6
A25NXMKVEQOVQS,7,4.0,7
A25PCH3UFFGDGJ,5,5.0,5
A25R9BKK5SABS7,5,5.0,3
A25RTR51I9JO5W,6,3.8333333333333335,6
A25SG1GJ9D56K0,5,4.2,5
A25SOIZ0IZE1YY,9,5.0,9
A25SXGRKCB5DKV,9,4.111111111111111,8
A25T8ANGTEUDN0,11,3.272727272727273,11
A25XCXD9M89OUC,10,4.1,2
A25Z1YE8PFZNZJ,8,4.25,8
A25ZLRIEMZR6ZT,13,4.0,11
A260TY5Y55Z1RA,7,5.0,7
A2620JL8WQ4MLX,9,3.0,9
A2620Z0QR2OFYC,8,5.0,8
A26400CZ4QI7YY,5,4.8,5
A265HR1G4BHZSL,5,3.8,5
A265UZVOZWTTXQ,6,5.0,6
A2661LVGJK6GYD,5,4.4,4
A266UM47IH41TG,5,4.2,4
A267P9486N73UF,6,4.0,6
A268VG78OJPC9O,5,4.6,5
A26979DK96UUEM,6,2.8333333333333335,6
A269UY8CO212TV,5,5.0,5
A26B4XIQ8QSTTP,5,5.0,4
A26B6GZG1M7XS0,5,4.4,5
A26C3MHXFUREL3,5,2.8,5
A26EHSFV7UNAZQ,5,3.8,5
A26HCQTWISRA39,5,3.2,5
A26I6H6YXWIAMG,7,4.428571428571429,7
A26IXIBJV5NQVL,5,4.2,5
A26J7JQ5YB531Y,7,5.0,7
A26JJZCTB75LAW,5,1.4,5
A26LZM6739834C,5,4.6,5
A26MIN7DD3BVU7,5,4.8,5
A26NRBHU22C8QO,5,4.0,5
A26OJNBIMCQLPM,5,4.2,5
A26P2ZKTKYKPTR,5,4.6,5
A26PD46WV6Q0Z9,10,4.2,10
A26PQHZB46JFAM,5,4.4,5
A26R33GPXHWR6X,5,4.6,5
A26TEJJ6YOGWMZ,5,2.0,5
A26THUHP9J0UQP,5,4.0,5
A26TU9F2BSPSGT,8,5.0,8
A26TYX78IWUVII,6,4.666666666666667,6
A26U8XNGM7SLF1,8,5.0,8
A26UMB1R5PQ8D5,13,3.3846153846153846,13
A26VA38Z1Q52JO,7,4.285714285714286,7
A26YXL7IBX52IO,5,4.8,3
A272J4L2O4SATM,5,3.4,5
A276HQXYS553QW,6,2.0,6
A276RHM6BBPDTY,5,4.6,5
A279H607WCVUZQ,7,3.4285714285714284,7
A27B7BLC8S3K8M,6,5.0,6
A27BFOL6E9UU34,6,4.166666666666667,6
A27C3J238GH88L,5,5.0,5
A27DLTJ0B6FU6Q,7,4.571428571428571,3
A27DSBFN1QWW8K,6,4.0,6
A27DU0ALJMD0TP,10,4.0,10
A27F3NM6JAQ174,5,3.4,5
A27FP0S5QH7GNE,5,4.8,4
A27H16HTHE0UXY,7,3.7142857142857144,7
A27JC6NMNVLKI7,6,3.1666666666666665,6
A27KEI16XBJ2TR,5,3.6,5
A27M7KDQD9HWVW,6,2.8333333333333335,6
A27O1O81SGFGAJ,8,5.0,6
A27OGM8SQ0DAC6,5,4.2,5
A27OTTW1CSOYWX,9,4.333333333333333,9
A27OZDEYLOT21T,5,5.0,5
A27P4092G47QZI,5,4.0,5
A27PB6KCL3CP47,5,3.0,5
A27TB72QV6SBID,7,4.857142857142857,0
A27ULPK1RGCNU6,6,3.6666666666666665,4
A27VVVF8E4BHKV,8,2.625,8
A27WAO04SK26A3,5,3.4,5
A27WGWACHNQUR4,26,4.076923076923077,26
A27XCIRZCS90D0,5,4.4,1
A27YO0IV0OU5YL,9,5.0,9
A27Z77KHF0SM1T,7,4.714285714285714,7
A2803ALG9JCEWZ,16,2.875,16
A28075V58MT085,6,4.333333333333333,5
A2817N66PLPBOI,5,5.0,5
A281B8HTNUUD83,5,4.2,5
A281NL3AO4QIGE,5,5.0,5
A2821JHS6G012Y,5,3.8,5
A284QL8F3NK2WC,5,5.0,5
A285DBKTGNH5KF,6,4.333333333333333,6
A286HDXDTS0Y67,6,4.666666666666667,6
A286YLFNRTV13C,10,4.5,9
A287IG1JJBF0QA,6,5.0,6
A288LKWW8MVA72,5,2.8,5
A2898RVX9JC8U8,6,4.0,6
A28C3ZCHCNNDNF,6,3.3333333333333335,6
A28D3HNQES1F7H,5,3.2,5
A28DJ4C17SLW96,5,4.4,5
A28DUVLN8LNOTI,6,4.666666666666667,6
A28ENF182GWXTT,7,2.0,7
A28F5OASAOTAI8,10,4.0,10
A28GQRPOKS41ON,5,4.4,5
A28HLLGK7J2J9I,7,2.5714285714285716,6
A28HNF3K1C6EAP,8,4.75,2
A28HW6UF613IUX,7,3.5714285714285716,7
A28L9RSVJC5033,5,5.0,1
A28LNO8FI24ANE,8,4.625,7
A28LOD3UU6T9UG,6,4.166666666666667,2
A28O4K2LGG90VF,6,3.8333333333333335,0
A28P2L8EANPN5H,6,5.0,0
A28QMIHZH5V66L,5,3.6,4
A28QQSE2R5U2VR,5,5.0,5
A28RP5PJFUFC1K,6,4.166666666666667,6
A28T3VHP713SQD,6,4.166666666666667,6
A28TV5XEZIBQUU,7,5.0,7
A29381YVBY63P5,7,4.142857142857143,5
A293H2U6OXCDE,5,3.8,5
A293ZWV7EB2JOH,6,5.0,6
A295BY3GG4FQLU,9,4.555555555555555,9
A296UKCKIPSIHH,6,2.5,6
A29A03Y3NQ40L5,5,4.0,5
A29A1L9JT125E8,5,3.8,5
A29ACU3O9IMICZ,8,5.0,8
A29AKED2TUALNO,5,3.4,4
A29G0R7P9IWVJU,8,2.875,8
A29HL5NTGM6H3B,7,3.142857142857143,7
A29I8KIRWJDPT8,7,5.0,7
A29K85C92Z8HGR,8,4.0,8
A29KI3D25ANRZT,5,4.2,5
A29KOO6WMPLGOQ,8,5.0,8
A29LKQ6I9IWAAG,7,3.4285714285714284,6
A29M4QQRHGOV76,9,4.0,9
A29MCTEJWJF9NF,5,4.6,5
A29NDVLNPQ4P9G,5,3.8,5
A29P65DEEZIEB0,5,5.0,5
A29R1IXITEHQMK,5,4.6,5
A29T1XENYUNPA5,6,5.0,6
A29V6UDG2L7SZZ,5,3.4,5
A29XWLWRXZNGBB,5,4.0,5
A2A133Y3SWMAGR,6,4.5,6
A2A14JYNTGG9GJ,16,4.625,4
A2A1BT960S7OP7,5,5.0,5
A2A1WECA7Y5UPN,8,4.0,8
A2A2EQ3PNBISQ,5,4.6,5
A2A2QO23FA4CEG,5,4.6,5
A2A3RL191N1RAK,6,4.666666666666667,0
A2A47ET7K6AZ1T,11,3.3636363636363638,11
A2A4FXNE02XSJA,6,4.166666666666667,6
A2A5MOHMHFAXWN,7,4.0,7
A2A5OV3F58QFC7,8,3.375,8
A2A5PU3PDQB5I8,5,4.2,3
A2A622J5JX0WIR,5,5.0,5
A2A6ITU78093LW,7,2.4285714285714284,7
A2A8GHFXUG1B28,5,5.0,5
A2AAABWQUYH26V,8,4.0,8
A2ABEGA0S52R5E,8,4.0,8
A2ACGPSK53KOWG,5,2.8,5
A2AD2BQLHVHUB9,6,2.3333333333333335,3
A2AEHOI5EUK2QB,7,4.571428571428571,7
A2AEJ9NTLWD61V,12,4.916666666666667,12
A2AF0ISXVVB6SP,7,3.5714285714285716,7
A2AGT9INDKDK6B,8,5.0,8
A2AIVP68M83YG4,5,3.8,5
A2AJQVFO7X2WM3,5,3.2,1
A2AK85RWZ5CLEZ,8,3.375,8
A2AL582V4PXFWL,6,4.166666666666667,5
A2AL9EZDP5UK6X,7,4.428571428571429,7
A2AM9TXVCZW720,6,4.166666666666667,5
A2AQNXKMJ6C5TB,5,4.2,4
A2AW9C82HMIQQ6,6,4.833333333333333,6
A2AXI9WHORKU6X,8,5.0,8
A2AXNGSKYY6PR9,5,3.0,5
A2AYX74FI7085P,5,3.0,5
A2B04OLYV9VG8L,6,5.0,6
A2B0RMV4EPLO4S,9,3.6666666666666665,9
A2B0YTSX9GRAEN,5,5.0,5
A2B12HJ0XWAJOZ,6,3.5,6
A2B2ZV61X41YIS,6,4.833333333333333,4
A2B4Y0K3FBXJYL,5,3.8,5
A2B7WGFRQIM3RA,7,3.7142857142857144,7
A2B8TH8IKNG52M,5,5.0,5
A2BAAFOO6TFM6W,5,4.8,5
A2BB0D5HIQP1OT,5,4.6,5
A2BCGII5B1SJI7,5,4.4,5
A2BDM8QP5HBWAG,6,2.3333333333333335,6
A2BEJMVB5HY7NO,6,4.166666666666667,6
A2BF00SSXNNPGA,7,4.285714285714286,6
A2BF93ZTKU2SEF,10,4.1,10
A2BFHG0MPA6PHO,5,5.0,5
A2BFZUQ2XV535H,8,5.0,8
A2BGA5CHR40ZRZ,6,5.0,6
A2BGDV09HCHX8E,5,2.8,5
A2BI2KUFG24ZFH,6,3.6666666666666665,4
A2BI881G80AKJW,6,4.666666666666667,5
A2BJANQUEYG8QT,5,5.0,5
A2BL8L14527HU4,6,4.0,6
A2BLHR4JQHOTF3,6,3.3333333333333335,6
A2BLP5XDO3MJ5R,6,4.666666666666667,6
A2BLX6AHAJATIY,6,3.8333333333333335,6
A2BLXXYEJTKBNI,6,4.0,6
A2BM6XH033ZQ3I,8,3.0,8
A2BMKL3IO87M0B,5,5.0,5
A2BPDW9X4M9RJV,5,5.0,5
A2BVZD5N55AF1P,5,1.8,5
A2BWXOFHVMEZ42,6,3.8333333333333335,6
A2BY0R17DVAR62,7,4.0,6
A2BY1DRVCVA7DH,9,3.7777777777777777,9
A2BY4ULDEH8TXT,5,4.4,4
A2BZLPBNWSAMZN,5,1.0,5
A2C30IZJYJ6HXA,6,3.8333333333333335,6
A2C4ALNBTHZ0AH,5,4.8,5
A2C6CCCE83YTWO,5,4.8,3
A2C6XHB0AEBNEG,8,4.0,8
A2C754QTYOS2SE,6,3.1666666666666665,6
A2C7W5JSCBH1CU,6,4.0,6
A2C8LCWXVIZB0S,7,3.142857142857143,7
A2C9STXGANXA7L,5,5.0,5
A2CA0CV4X62CQZ,6,3.5,6
A2CA227LLWMH81,5,4.2,5
A2CERG67MT95XY,11,4.818181818181818,3
A2CEZKE6TQA7U1,5,1.8,3
A2CFCXKCAWPIXQ,6,4.666666666666667,1
A2CJR3VGX4VZ1A,5,4.8,5
A2CKNIZN0ME1EO,5,2.8,5
A2CN4W7WER75VM,6,5.0,6
A2CO3HS43F3LFH,8,4.125,8
A2CP5A30XO5JUO,8,5.0,8
A2CPFR188RWOUD,7,4.571428571428571,7
A2CRMJXP7Q041E,5,4.2,5
A2CS89RMVTAMC0,5,4.6,1
A2CTAT3QS3WCGO,6,3.8333333333333335,6
A2CUAAFV0K6FM5,5,4.6,5
A2CUMV1414FAIL,6,4.833333333333333,6
A2CVE5JKNNCLEB,9,4.555555555555555,1
A2CYY5W3TLLZ9W,5,3.6,5
A2D1LPEUCTNT8X,9,4.444444444444445,1
A2D2XFF9RR3E9I,5,4.4,5
A2D88DFMC2X3AD,5,4.4,5
A2DCIQC1U55K9Y,5,3.4,5
A2DDC002M7LVZ1,5,4.8,5
A2DDYH2QTGQ6FZ,8,5.0,8
A2DH2FJCNUIVKN,8,3.125,8
A2DK84V1ZQH4K4,5,3.4,5
A2DLRRMRYOCLU3,8,4.625,8
A2DM9AVIA5RONS,10,4.3,1
A2DNT2P5JMSM5X,5,3.4,5
A2DOJO6Y2FXVKM,7,4.428571428571429,7
A2DSIQ1SQXVQNY,5,3.0,3
A2DTHUBEI1E6JM,8,2.375,8
A2DTZ27H57K4EM,5,4.8,5
A2DW5FU37SM1FN,7,3.4285714285714284,7
A2DXKM4ZPV3ENU,5,4.0,5
A2E01AZPAB016,14,3.142857142857143,14
A2E1QSIUA6H0XW,5,3.4,5
A2E34MMOTVGCM8,5,4.4,5
A2E5A3PR0RZYRZ,7,3.5714285714285716,7
A2E704K625XUSV,10,4.5,10
A2E9076GV6LE6F,8,4.5,8
A2EAQHW06YZA6,5,5.0,5
A2EBNSAJRZSIL7,7,5.0,7
A2ECO4AA5DHISQ,5,4.8,5
A2EDH0P5MEWG1P,5,4.4,5
A2EE75G9P3QLRZ,5,4.8,5
A2EGVPBTNJI3HB,8,5.0,8
A2EHWED3E7DNDN,5,4.0,5
A2EJJ489O7R92J,6,2.6666666666666665,5
A2EJLPLDVC63RO,7,4.142857142857143,7
A2EJPI31889OZG,9,3.2222222222222223,9
A2EMKC5VI5MZXB,5,3.2,5
A2EOI8OJTIP4JQ,6,4.5,6
A2EQ4G0WJM1ZGB,5,5.0,5
A2ETE1FWKEQ85X,8,2.75,8
A2EW7KTFDS0ULB,7,4.857142857142857,7
A2EWGPZU71TPRT,5,3.0,5
A2EYE86FIXQD9E,5,2.4,3
A2F028EKBH8NVZ,5,4.6,5
A2F2TF2O48TEZY,6,4.333333333333333,6
A2F5CLWJ12ZIW5,5,3.8,5
A2F8X61SB7F73B,6,4.833333333333333,0
A2FC52YP01GR2D,8,4.625,8
A2FC6N2DTDIU8J,7,5.0,7
A2FCRNY9C46Q4H,8,5.0,8
A2FCZMBRYOQ4OR,9,4.111111111111111,9
A2FD0Y0NGRUN1R,5,4.2,5
A2FFJCTV9SMEJN,5,4.0,5
A2FGE3WPI8F09P,9,3.0,9
A2FHSVLOBWHEBG,6,5.0,6
A2FKVWN8P7K00V,7,4.571428571428571,7
A2FM0D8H4EFP2R,5,3.8,5
A2FMD4C9FQJ59I,5,1.4,5
A2FMSEQA852NS1,5,5.0,5
A2FN4F2FS1ZV8I,5,5.0,5
A2FN9NRMH551OH,9,4.666666666666667,9
A2FNA5903D9E6Y,9,4.222222222222222,0
A2FOBKHRMBPC8E,7,4.571428571428571,7
A2FPYCDERJBC7R,8,2.125,8
A2FT21XC9Z5NPK,5,4.8,2
A2FV2M9MG76NB7,5,5.0,5
A2G021JW8D9SGN,5,3.4,5
A2G0ZVT83YVSWG,5,4.2,4
A2G1P9M0BN9BQJ,5,4.8,5
A2G3AUUXXFO1RJ,5,3.6,5
A2G3KG9R1YSJ16,7,2.5714285714285716,7
A2G5OW0UIBAUIT,5,3.2,3
A2G7JLFILDP2JN,6,4.5,6
A2G9JO5SZ3GUXH,9,4.888888888888889,1
A2GB94QUB404T3,9,4.222222222222222,9
A2GBBOXDACUA6,8,5.0,8
A2GD67I322SOIY,6,5.0,6
A2GESIVA4US7ZL,5,5.0,5
A2GGHUS65XUT25,8,4.625,8
A2GI0VNBUE6CJ8,5,4.8,1
A2GI6MB9RZL72O,5,4.6,5
A2GIG4HWMI7YLK,9,3.2222222222222223,8
A2GJAVB23HVUT,7,4.0,7
A2GJUMX0CRHLIN,8,2.0,8
A2GOOFFNUI20XI,8,5.0,8
A2GP4EJIAA2OE0,29,3.0,28
A2GPNPUEIBCIC9,5,3.6,5
A2GR5E4PQG26DH,6,5.0,6
A2GTHLGOX1OO26,5,4.6,4
A2GU2QI0OZIKAD,6,4.5,5
A2GVHAUMBWSNMM,6,3.5,6
A2GWAWVVJ4BN4B,5,2.2,5
A2GWLCDWM7V59I,8,4.0,8
A2GWMF2BZZYXDY,6,4.166666666666667,6
A2GXUQFUWMZ2FH,8,5.0,8
A2GXVBROUM4IH,7,2.7142857142857144,6
A2GYJ8JVTE3CM1,7,4.428571428571429,7
A2GYN1H7HUBAZ6,6,4.5,1
A2GYSBPPA0A01C,12,3.5833333333333335,12
A2H01IO47T8AG0,5,5.0,2
A2H0Y7QC05UJ0N,5,4.8,4
A2H10UISXG310T,6,3.6666666666666665,6
A2H2IV5C0LK0QB,5,5.0,5
A2H6E6OW1LYFGU,6,5.0,6
A2H6RPXKT1MEWJ,7,3.2857142857142856,7
A2HALE9T9NZ3AF,5,3.8,5
A2HD9JTLRSC9IL,7,4.571428571428571,7
A2HE62RM4XTBER,5,3.6,2
A2HF4NJ8NUE870,5,4.6,1
A2HFWUA27VTVRI,5,4.6,5
A2HHC3TJESZD6D,10,4.2,10
A2HIMFOI0DRX80,10,4.5,10
A2HJFBBBEI6NTD,7,3.4285714285714284,7
A2HK9LZ01T5WE,9,3.0,9
A2HKPQ0UX7NMOE,7,4.714285714285714,7
A2HL6AXS8GU07F,8,5.0,8
A2HL7NOR4C2K1K,6,4.666666666666667,6
A2HMEEX4K9UX81,8,5.0,8
A2HMY4AGCU9EX1,6,2.0,6
A2HNDG473L6PEB,7,4.0,7
A2HOGU9MT0BB8W,6,4.0,5
A2HOQJXDFZP9Y7,5,4.0,5
A2HVL8JN9MH92X,6,4.5,6
A2HWDLX55OKQ7,6,4.5,6
A2HWPPZX0Y9I3B,8,2.5,8
A2HWYKGL35IQXI,6,5.0,1
A2HX0JF7BT2RM7,5,4.0,5
A2HYQHVWBTI03U,5,4.4,5
A2HYZBVSYFCM6K,6,4.333333333333333,6
A2I0CLVLZKO7B3,7,4.428571428571429,7
A2I0CRETSYBU9I,10,4.3,1
A2I1UVC39FU5NA,5,3.2,5
A2I2FCO0N41XE4,6,4.5,6
A2I5PDVJ8HWM2Y,5,3.4,5
A2I8I1YZSRZ66C,9,3.0,9
A2I8I8HD2Q2O42,5,3.0,4
A2IAB9QOQH3IA6,8,5.0,8
A2IAERSVMNH7OV,5,3.0,5
A2IBHFLMMMNPSC,6,4.5,6
A2IBMPI3KPBMBB,5,5.0,5
A2IBS6PIPAGAB5,6,5.0,6
A2IBY56CYP23DC,6,4.0,6
A2IDGBPGQCKUTF,5,4.2,2
A2IFCGU2IQ6KAV,8,4.0,8
A2IG70RVNCDYAC,5,4.2,2
A2IIDURV66B2FF,8,3.5,8
A2IJ4F7WKB94TC,7,3.857142857142857,7
A2IJJUO99LXIXG,8,5.0,8
A2IK3JJA8C8JWH,5,3.6,5
A2ILUTAAPPZY79,8,5.0,8
A2IOH4C2KBKZ7D,5,3.8,5
A2IOMIIOQLFKF5,5,4.4,3
A2IQ9N8H9OB2I6,5,3.2,5
A2IQT5AFFXA1OM,12,4.083333333333333,12
A2IRAZL7104IWD,6,3.1666666666666665,6
A2IRXFRHHM7ZTT,7,4.0,7
A2IT1ZRS6RQQHW,6,5.0,6
A2IU529TS8SQXT,5,4.2,5
A2IUGX6TDLNUJK,13,3.923076923076923,0
A2IUHY9QN3QM0B,5,5.0,5
A2IVXJSOGQ2MNY,5,3.0,4
A2IYYF6TGW7D3E,5,3.4,5
A2J0ALSQXE1L3D,7,4.714285714285714,7
A2J2MGPV8XGXRO,9,4.333333333333333,9
A2J4DK7M3TMJ6F,9,2.5555555555555554,9
A2J4TLG7RFLBGM,5,4.2,4
A2J5AESOQMX01S,5,2.8,5
A2J70BHHMHXZ4X,7,4.0,7
A2J8VKFYMP1FAT,5,4.2,5
A2J9WEIRNVTX61,5,3.0,5
A2JA59SICVG83V,5,5.0,5
A2JCNTVNMPU23P,5,3.8,5
A2JCYVQLKWULGM,8,5.0,8
A2JD3RN8JCO62Z,8,2.0,8
A2JH7YMGEF2736,6,5.0,6
A2JK2F69GDATO0,5,4.2,4
A2JMHGCCBZPYP4,8,5.0,8
A2JNAKK081S3QQ,5,3.0,5
A2JOUOASELY1XR,8,5.0,8
A2JOWO4TKZ8Y1U,8,5.0,8
A2JQ02A3OV117X,14,4.571428571428571,2
A2JRAGFQHBBO0D,5,4.0,5
A2JTH05N68E06F,5,4.6,5
A2JUOY0O02PVNV,5,5.0,0
A2JVHM2JHWJ7ZN,6,5.0,5
A2JVZQ3IBZ426I,5,4.0,5
A2JX7ESVMGXMJY,8,2.0,8
A2JXLEZ2I5S5X3,6,3.3333333333333335,6
A2JYB3OMH5QEBV,8,4.0,8
A2JYIE3HSWYD59,5,1.8,4
A2JZLLVKJSMEXX,5,3.6,5
A2K03EP3924LBN,5,5.0,5
A2K1XOBJDMATOM,8,3.875,7
A2K2OEMKQQ07PD,10,3.6,9
A2K2S22RA9QG5R,5,4.4,5
A2K4KH7SSG66M5,6,5.0,6
A2K5ZBX75J80TX,8,1.0,8
A2K608FPLXSGGW,5,4.4,5
A2K6KUHRN8L8SO,5,3.4,5
A2K87NNS3ZTQE0,5,5.0,5
A2KCFRMKVHYSU7,8,5.0,8
A2KD6FBWTP9F7H,5,5.0,5
A2KGKIJ528667I,8,3.0,8
A2KH3X7OKPD51S,5,3.4,5
A2KKE8QFDONTUY,6,4.5,6
A2KMKGZDQYPSL8,5,3.4,2
A2KMONENI7I6S4,6,4.666666666666667,6
A2KMWD77XBGZ8K,8,5.0,8
A2KSP2NXQD7Q6P,5,4.4,5
A2KTDPJK3FMGGW,8,2.375,8
A2KTTU0V64UAL6,5,4.4,5
A2KWRD6AIMM5ER,6,3.6666666666666665,6
A2KYVZKERWWI7Q,5,1.6,5
A2KZIY2EOBESTI,5,3.4,4
A2L078CYY58VTI,10,3.7,10
A2L0SIJ5NPBWFU,5,1.8,5
A2L1T177XJ8DV8,6,5.0,1
A2L20SNQ4EZJ8B,15,4.2,4
A2L3V9BNFFJRMQ,5,3.0,5
A2L42E0WMUX48U,5,4.8,5
A2L7XKEORWD6ZS,5,2.6,5
A2LALFQZF7FRF7,7,2.7142857142857144,7
A2LAZKE6APCL1F,7,4.714285714285714,6
A2LD9UE0M1UCDM,7,3.2857142857142856,7
A2LDTYS4YLY6V4,6,5.0,6
A2LK605QEN6DOP,8,4.875,1
A2LP52OD6J56HG,5,5.0,0
A2LR0CGMG7QDZ1,8,4.75,0
A2LSGH30A8AN2Y,8,3.0,8
A2LTJM9D90BF3Q,5,4.2,3
A2LVFVU5EU2I1I,6,3.5,6
A2LYQ9Q0GCU0U,5,3.6,5
A2LZ8CL0GM7ZJ,5,5.0,0
A2LZMWZ1CM4PF3,8,5.0,8
A2M1IZTVL7TMC0,5,4.2,5
A2M34RLKS0PEF7,7,4.571428571428571,7
A2M3ZNLCYPZ5A1,8,3.0,8
A2M496E1POD34Y,7,2.857142857142857,7
A2M49TY3ALK2EB,5,4.8,5
A2M8ZMTNOAYEFC,6,4.0,6
A2M9F5EKMERWBC,6,4.166666666666667,6
A2MARNS8HR0VP0,6,4.333333333333333,6
A2MBLVMVDLHK1L,6,4.333333333333333,1
A2MCOMV3V4L8DP,5,4.4,5
A2MIBT81MX859C,8,5.0,8
A2MMCR5V2XAMKB,7,4.428571428571429,7
A2MNVSC4BPL20E,5,4.2,5
A2MO4QXKPWJLOM,6,4.166666666666667,6
A2MQDYRPFM4XUF,5,5.0,1
A2MQIAOWWLFEL7,5,4.8,5
A2MSMS8X5VHTDF,5,3.4,5
A2MSRDL19OK22X,6,3.6666666666666665,6
A2MTAQ8LZRNKSM,5,4.2,4
A2MTPDR0D44VC5,5,3.6,3
A2MW442KUAJ75T,6,4.5,6
A2MW4A5RYZTKG3,9,4.666666666666667,0
A2MWB3Z94FOP88,6,4.0,6
A2MX67V2AIVKQJ,5,5.0,5
A2MY8IQTBFIKUY,7,2.142857142857143,6
A2MZ9XJG5FQEUB,6,3.8333333333333335,6
A2N2GO1TS1RZBJ,6,5.0,6
A2N6HZJKUYP3GV,6,3.5,6
A2N7SARK4M4JWJ,6,4.833333333333333,6
A2N82L036PLDJ3,5,4.8,5
A2N97FVE233YZ4,8,5.0,8
A2N9HICW4ZRTTU,11,4.818181818181818,10
A2NBALM7NQIB0K,8,4.5,7
A2NBGWZH3VC2EW,8,5.0,8
A2NE27J4L5KY2K,5,4.8,5
A2NEJIX5NIH2ZZ,10,4.1,10
A2NFAZXXYNBMSS,7,3.857142857142857,7
A2NFN9JRKFFCT6,9,4.777777777777778,9
A2NH8O59LN7TVL,5,4.8,5
A2NI5Z5HBWWV27,6,5.0,6
A2NIO806C6LXSJ,17,3.7058823529411766,17
A2NJVP1JZ5G8VD,8,5.0,8
A2NKCH9IKYW77J,5,4.2,5
A2NKJ1IB49VZH9,6,4.833333333333333,6
A2NKNE9SV2KIN2,10,4.9,10
A2NKXGBPM79MZL,7,4.571428571428571,7
A2NOFPOBY8SZDY,6,5.0,6
A2NOI5U0H0WPNB,5,4.6,4
A2NP5ONODHBGDU,14,4.285714285714286,14
A2NPEACC11PP4S,5,4.8,1
A2NR0PJ3SP2LGW,8,4.875,8
A2NRQ9BUIF1CD2,5,4.0,5
A2NSIJWIFF1VO,5,3.8,5
A2NU0G26HR7K43,5,5.0,5
A2NUOVDKROIQ98,7,4.857142857142857,5
A2NZH0KNQWS4S2,5,3.2,5
A2O2CCU5OGZOB0,5,5.0,5
A2O3GSYI4B5Z9H,8,5.0,8
A2O489VAPVIH35,8,4.0,1
A2O4BSNYDKTH6H,5,5.0,5
A2O52WX42F08YH,5,5.0,5
A2O87OVWR0F4SH,5,2.2,4
A2OBF41QU4Z12H,5,3.4,5
A2ODYAMZ2G36Y5,6,3.6666666666666665,4
A2OE6AXVBB3ZC8,6,5.0,6
A2OE7Q4HDWVIIG,6,4.833333333333333,6
A2OI2QH5FPQ2BW,5,3.0,5
A2OIPC2V5JCKJP,6,5.0,6
A2OKRGHIYTBQ6P,6,4.833333333333333,0
A2OLBFIX6D4YFV,5,2.6,4
A2OLCVX36F4O10,6,3.8333333333333335,6
A2ON4RYI9Z4SQ,5,4.6,5
A2OO4Q1X4ERQK1,7,4.142857142857143,7
A2OPCPZHUACPJI,7,4.857142857142857,7
A2ORP5RT8NQ0Q7,8,5.0,8
A2OS7CFQI4DWPT,7,4.428571428571429,6
A2OSLPRZD91G40,7,4.0,7
A2OVPU1X48X4Y2,6,4.666666666666667,6
A2OY1QK1I4GW4C,5,4.8,0
A2OYTPLS26195D,8,4.875,8
A2OZXHYCYZIAIY,15,5.0,14
A2P13PPDVXL10K,5,2.4,5
A2P25S14PMWQIN,5,2.4,5
A2P2UIFHGT5ZLR,7,5.0,7
A2P40QIQUOWU62,5,2.0,5
A2P4EL8AGTE0M,5,3.6,5
A2P5208SKM6BEE,5,4.8,4
A2P6FZ84SXSANO,8,3.25,8
A2P6I9PGAVEW6E,8,5.0,8
A2P7RZS4717K9Q,5,4.2,5
A2P87PVYP2KLT6,8,4.0,8
A2PBHVTPTIIGKR,31,4.032258064516129,31
A2PE6106UP4ENI,6,3.5,4
A2PF64RBR1G1SZ,5,4.4,2
A2PF6BJMN72RC1,5,4.4,1
A2PFGKK7HWF8UC,8,4.25,8
A2PHU93HM4AIJ7,6,4.5,4
A2PJ5F6BY1TZNK,8,5.0,8
A2PKPABL7C7TK6,6,4.5,6
A2PMCU0L6NFIDR,5,4.6,5
A2PPDSNLU5UD48,5,3.8,5
A2PUXD0WYCLV7Q,5,5.0,5
A2PVK854LR6PQJ,5,2.4,5
A2PVN6AZ3L6QGS,5,3.2,5
A2PWOO618R3IKJ,8,5.0,8
A2PYQN4T4LV0NP,8,5.0,8
A2Q4SD1KRL9HS3,5,3.6,5
A2Q5010V576P71,5,4.0,5
A2Q6OH5LUQXPFV,9,4.111111111111111,9
A2Q6OHDSKKXSQ6,5,2.8,4
A2Q7HWMIVPZHGB,5,5.0,5
A2Q85U6OT2CXK6,5,4.2,5
A2Q8I9LG6MH452,9,3.7777777777777777,9
A2Q9CY0SIWHWR3,5,4.0,4
A2QF8B2FJTJWC5,5,5.0,3
A2QFM6QN2Y2TUU,6,3.1666666666666665,6
A2QG39PMTQR9WD,5,5.0,5
A2QGYYJFPV1TCD,7,3.2857142857142856,7
A2QHGKRYPCI5NZ,7,4.142857142857143,7
A2QHRRGSHKUZ6I,11,5.0,10
A2QIHH2L2K67KB,5,3.2,5
A2QIO6Z8WOVCDJ,5,4.8,5
A2QJWHL4HY9FMF,8,3.0,8
A2QNUQRINAWA8M,6,3.8333333333333335,6
A2QNWHLC2EFXI8,5,4.4,5
A2QPBIA0HKEL96,8,5.0,8
A2QRWCN5YR05G9,8,5.0,8
A2QSN1AE935ZMV,5,4.0,5
A2QVLSH9P0BFA6,8,4.0,8
A2QYIVTS79D7ZV,5,3.2,4
A2QYPEC9H2H6W6,6,4.166666666666667,6
A2QZW9Y9UXTZ8M,5,4.8,5
A2R07E0VZHKCI4,5,5.0,5
A2R0KB6P9AWB3N,5,4.6,5
A2R0RL0TF6E9VC,8,5.0,8
A2R6PHMHCB5Y9R,7,4.285714285714286,6
A2RELP6IUPLM46,5,3.6,5
A2RF72UWZCHYT5,5,5.0,5
A2RFRS8A2JZIWS,6,4.666666666666667,6
A2RI4IA5982B8I,8,4.0,8
A2RJXI8JW16OZ5,10,2.8,10
A2RO65HLDVO8UZ,8,4.75,8
A2ROWSAAAPF5DP,5,5.0,5
A2RPPYSFWVJMXK,5,3.6,5
A2RQLMFA0L9SBG,7,3.4285714285714284,4
A2RSCJQM6PQZ6X,7,4.571428571428571,7
A2RSTRZBZE7KJ3,5,3.8,4
A2RT2GZUP3B24B,5,4.2,3
A2RX62V4E2BF5Z,7,4.428571428571429,0
A2RX66MNDHA9QK,5,4.2,5
A2RXULHXU77QGF,8,3.625,8
A2RY7TP4WUPM1B,8,3.375,8
A2RYJBGBV98W7P,6,4.166666666666667,6
A2RZ3T3ECENTMO,8,5.0,8
A2S1234WV0NH27,8,5.0,8
A2S40SX806U2O,5,4.2,3
A2S514EH3OO16A,6,5.0,6
A2S68F8GP17O86,6,5.0,3
A2S696CI415O20,6,4.333333333333333,5
A2S743NOS6Y20T,5,3.8,5
A2S7EP7UBY57MY,5,3.4,5
A2S81IOGCNYK9R,7,5.0,7
A2S9LAS7MAT2LZ,5,4.0,5
A2S9XV10OBEF66,5,4.0,5
A2SCM68XE6YBW4,5,4.4,5
A2SERF911AD7S6,5,3.6,5
A2SF88GW3AWEFK,9,3.2222222222222223,9
A2SI2OWNLQBF7I,6,4.0,4
A2SM4IN509RQH3,6,4.333333333333333,6
A2SP2MSY3PU58P,8,4.125,8
A2SQVPANIH391T,5,4.8,4
A2ST8UR0V7WRMO,5,4.8,5
A2STH73NEUHA3S,5,5.0,5
A2SU06VTWMFP7C,8,5.0,8
A2SUWYP03DGGNZ,6,3.1666666666666665,6
A2SXQ8QP7LORDO,7,3.0,7
A2SYUAK69L32AS,6,3.8333333333333335,6
A2T0426MWNDVW1,5,5.0,5
A2T117EYHA3QIK,5,4.6,5
A2T2HHM6RWLQK9,6,5.0,0
A2T2ZJ8NQ7PP5J,14,4.857142857142857,13
A2T47RI1J0I7JM,8,5.0,8
A2T4AM7YQSN6X6,5,3.6,5
A2T4WRUVHNM495,6,4.0,4
A2T5MFP4BLAT39,5,4.6,4
A2T8164IUCM7IY,5,3.8,5
A2T850HMN940RQ,5,4.6,5
A2T8BWOO7BFBWY,8,5.0,8
A2T9NHQTTK0TJA,8,4.625,8
A2TC0CGXIDG8UV,5,4.8,0
A2TD1AHQKH1MDT,7,4.857142857142857,7
A2TEZO7VCS3VWJ,5,5.0,5
A2TG52D0MHO9U9,5,4.4,5
A2THXZ2VL3DWJL,6,5.0,6
A2TIXZRMCYXWBC,9,3.6666666666666665,9
A2TJNLUXZODAWR,5,2.6,5
A2TLGHGPQK10GV,7,2.7142857142857144,7
A2TLO2NUGUJAD6,5,4.6,3
A2TOJSBA1YVUYO,5,3.0,3
A2TP4NYBVB0NO7,5,3.4,5
A2TRI54C8EMCX,8,5.0,8
A2TRN4EVMIONKV,5,5.0,5
A2TROYM0VW0RBE,5,4.4,5
A2TT3UKUZJ4DHK,6,5.0,0
A2TV3ZWA99S2I3,5,4.0,5
A2TY9KJ0B5LI0P,7,3.857142857142857,7
A2U2H49XCRK621,5,3.2,5
A2U4Y02LLJQW2P,5,4.0,5
A2U5X9Q8WINV0Z,9,5.0,8
A2U87Z724MQI3Y,9,4.555555555555555,9
A2U9N8KO0K2WVT,6,2.6666666666666665,6
A2UALK0MY7S3C2,8,5.0,8
A2UB1CWIOCM80X,5,4.4,5
A2UBA6RRSFPQOK,5,3.2,5
A2UDCLZXQ3BSM3,5,1.8,1
A2UDT3L85PN700,5,4.8,5
A2UE1H1A7NH56P,8,5.0,8
A2UERM19FZPVLO,5,4.4,5
A2UG0HBIYWYW2P,5,5.0,5
A2UH7LMPAMWC2A,9,4.444444444444445,6
A2UJ651ABZP41G,5,3.4,5
A2UJP5J8QKUFMB,5,4.6,5
A2UMJRYG4BPVSW,5,5.0,5
A2UNJOHMSNMVQ0,6,5.0,6
A2UNSU6TE92GRQ,8,3.375,7
A2UNWFVHL0JWBH,10,4.9,3
A2UO040HWOP0C2,6,4.5,6
A2UQ0HOE2ZYIHJ,5,5.0,5
A2UQZ6FEGE7ZIF,6,4.0,6
A2UU07E33LH3R,9,5.0,9
A2UU7363R2ESCN,5,4.6,5
A2UUEV4MYOJY66,5,4.0,5
A2UUWLUCS29MLY,5,3.8,5
A2UV49S9CER2CS,5,3.6,5
A2UV4PZJJBQWZL,5,4.8,5
A2UVALXRJ35D1A,8,2.0,8
A2UVDLSDZFIFV4,5,3.0,1
A2UWPPU5GZLMQZ,5,3.8,5
A2UY8ZEFIQ2IEA,6,3.1666666666666665,6
A2UYBFN04WOLKO,5,5.0,0
A2UYO4GZRPC348,5,3.8,5
A2UZIYP7LCQ6WM,5,5.0,0
A2UZLZS9GXOYLU,9,4.111111111111111,9
A2V55J9CCQCOG0,5,4.4,5
A2V6VDWHI3YNXD,8,4.5,8
A2VA51YH8WKELC,5,4.6,5
A2VAL6EN8M7YTP,5,5.0,5
A2VBSVLASVDG1F,6,4.666666666666667,6
A2VCUMJK2NO098,5,3.4,5
A2VH4MV6N6O0HT,5,4.6,5
A2VHVODX6A92OA,19,4.2105263157894735,19
A2VI4KU2698MSY,5,5.0,5
A2VJ0I6YVC7FQ6,6,1.6666666666666667,6
A2VJ6QO8J5LJ06,6,3.5,6
A2VKBENU2H4VN,5,5.0,5
A2VMKNYTJ973O3,8,4.0,8
A2VNIZTV0BGUCX,8,3.0,8
A2VNRZZUYADPQO,12,5.0,12
A2VOAANO2W8KXN,6,2.8333333333333335,6
A2VR2PS9YIKHLG,5,4.4,5
A2VR6SWVSF6K4,5,4.2,5
A2VVASHDH74CXY,5,5.0,5
A2VYWAX608EC7R,6,4.666666666666667,6
A2W0OSXI9XDGYP,8,4.25,8
A2W1W1GR7JL8J2,9,4.111111111111111,9
A2W39AO71K36E6,7,2.2857142857142856,7
A2W3B4YHP3HZ9R,8,5.0,8
A2W5AB5WF5HT7L,5,3.6,5
A2W5HTEA44WQIQ,5,3.2,5
A2W5RZZA7XU2E9,5,3.0,5
A2W7X2A5MT6P0H,7,4.714285714285714,6
A2W91JVGFS2R4F,7,3.857142857142857,7
A2WBB5DW874924,5,3.8,1
A2WF49ILK8KY1X,6,4.333333333333333,6
A2WFVF6EKOPTU0,9,5.0,9
A2WL4TE3SALHTD,5,4.2,5
A2WN3GXUA1SVTU,5,4.4,5
A2WOZ4HXZX50Z9,6,4.666666666666667,6
A2WQOX4RY0BQ92,5,2.0,5
A2WSY83IWUXE31,7,5.0,6
A2WY419OKTODN3,5,4.8,5
A2WZJUNG3LXJ9Q,5,5.0,5
A2X2KP4XXM06OU,8,5.0,8
A2X66IJJ87LY3B,12,4.166666666666667,1
A2X99GNZRKGE66,6,3.0,6
A2X9QYNZ7UXLNK,5,3.6,4
A2XB694210BST6,5,3.0,4
A2XBCZI83UO70I,5,4.4,0
A2XBJTES3RBX3Q,7,3.7142857142857144,7
A2XBYSRKTF33AN,5,3.8,5
A2XCP5N2CSHZ9T,5,5.0,4
A2XDY72EBY8J2M,5,3.0,5
A2XE7SG4ZFAOIB,8,4.5,7
A2XG05RVALZZSA,6,4.833333333333333,6
A2XH8P4OVSCM47,6,3.0,6
A2XHYT1R4HWYW7,5,5.0,5
A2XJN46U7QC5E7,7,3.2857142857142856,7
A2XLY1TRX9IA2E,10,4.4,10
A2XN1XGN56ACVD,6,4.333333333333333,3
A2XS12X6E3J5XW,5,4.8,5
A2XUQXG9J9SRTG,9,1.4444444444444444,9
A2XUY01FTGA995,5,3.8,5
A2XVA8YSVH3VP9,8,4.125,8
A2XX2A4OJCDNLZ,7,4.714285714285714,1
A2XY1CTKQY7IBY,5,1.8,5
A2XYZT1SPX3BIB,5,2.6,4
A2Y0U0RAIFFART,6,2.6666666666666665,6
A2Y1OSROGSOTTT,5,5.0,1
A2Y1RL23YVNA8Y,5,3.8,5
A2Y2IKO63FNHQE,10,3.1,10
A2Y4FXHZIYRVBB,5,4.6,5
A2YBZ7XMS672SW,5,4.4,5
A2YFIZFED6DGH6,5,4.4,5
A2YFPU51HA93O2,6,2.8333333333333335,6
A2YHK9GHM9OBTA,6,4.333333333333333,0
A2YHZV1YS1KEKV,6,5.0,6
A2YI41MCJB2QCV,9,3.0,9
A2YIR9LKJO8W37,8,5.0,8
A2YIWT6483I9D8,6,3.5,6
A2YJXLM6VKN5BX,5,4.0,5
A2YMRDPDTZXE4Y,6,4.0,6
A2YP0JRV0G6DRD,8,4.75,8
A2YPMEQ0QQ2I50,10,3.1,10
A2YQ4MH3B7PUUQ,5,5.0,5
A2YQPKND5PG3FK,12,4.25,11
A2YW1MG1GKU8XD,5,3.8,0
A2YW37LJM8FYIH,5,4.6,5
A2YXQMZ32BY8XH,14,4.214285714285714,1
A2YYNAQ0HJ5ZZF,6,4.833333333333333,6
A2YYXZHT4RHW6Z,5,3.0,5
A2YZERYQTLB8NG,9,5.0,9
A2YZTZHLKGIDGW,11,3.727272727272727,11
A2Z349JWDHEVR9,5,4.2,5
A2Z5DT14FLUWZK,9,4.0,9
A2Z70Z3FGJ947M,5,3.6,4
A2Z75LBANOGEWQ,8,3.875,8
A2Z7TWG76UUNNP,5,2.6,5
A2Z9HA4PPCDFUJ,7,4.571428571428571,7
A2ZBHVUAF2QB6Q,5,5.0,5
A2ZCAQT8YUE5Z3,8,4.5,7
A2ZDNNM05AN6SK,5,4.2,5
A2ZE58RF22658T,8,5.0,8
A2ZEJW2WIHKJPM,5,3.4,4
A2ZF9R3NTG83OW,5,4.2,5
A2ZGA89FE61NFO,6,4.333333333333333,6
A2ZGEESHHGFZKL,8,5.0,8
A2ZI7CLTJ2KCAN,5,4.0,5
A2ZIIHXU6R4P70,13,4.846153846153846,13
A2ZJ2RMTLKMZHN,5,4.0,5
A2ZKMUKZTAW3YV,5,4.2,5
A2ZMH05LYXCVT7,5,4.0,4
A2ZMHBMNYFXOX7,8,4.0,8
A2ZMIPCEHWJTAP,8,4.0,8
A2ZN3Z5U9TV4C,5,4.0,3
A2ZN7ZYVZ6CBT5,6,3.0,3
A2ZS7D7TM8GVQ9,12,4.083333333333333,12
A2ZSX6R0TL8ET6,15,4.066666666666666,13
A2ZTB9SLD2JNAD,6,4.666666666666667,4
A2ZU9HBE3DSRUU,10,4.7,10
A2ZX24SJ3ZB2NU,5,2.8,5
A2ZXJ36H7T8K90,6,4.666666666666667,6
A2ZZITQU5GBNCA,7,5.0,7
A300HRUVA3WU1F,5,3.8,5
A30202532IJGFY,6,2.5,6
A309PFW8T6DMMZ,5,4.2,5
A30DDWMXS075MI,5,4.2,5
A30HFZ2FW8CQBI,8,5.0,8
A30J0XCA88AGQM,7,5.0,0
A30JF3BIACJWMZ,5,3.6,5
A30LWSTIFT6LJB,5,4.2,4
A30M73VJV6FDDN,5,5.0,5
A30MBDOF8VZJWK,8,4.0,7
A30NBIQPJDVVR3,5,5.0,5
A30NC6TQA8MLPB,5,4.6,5
A30PL67OWRXHOW,5,4.2,5
A30PZRC3QZQE8O,5,2.6,5
A30V4KIOJ7LH73,6,4.5,6
A30W4YXU13Z2HC,7,3.857142857142857,7
A30X6H2UHEJ2F4,9,3.111111111111111,9
A30XIHEGZTCL4F,8,5.0,8
A30XKI4942INUE,7,3.0,7
A30YQDUHNP4WH8,10,4.4,9
A30YRDNST2XH6N,5,5.0,5
A30ZNVSWPTGQEH,5,5.0,5
A311370NG49H6C,5,3.6,5
A311EQPZ7C117B,11,5.0,11
A311LA8H1A7RX9,5,3.6,5
A311UAK0PQLWTR,7,3.857142857142857,6
A311XHHLM12MUT,7,5.0,7
A312BTXKFHK927,8,5.0,8
A3132FC416IP4I,5,5.0,5
A313NWK8ENJVP9,6,3.6666666666666665,6
A318XAP8UZZWVU,5,3.8,5
A319RYO70X95Z4,5,2.6,5
A31BTM1DOVFLAE,6,4.0,6
A31CWD8AYYYYAJ,5,4.8,5
A31DVKL8JE4XAH,6,4.333333333333333,6
A31GICBOUJWVUE,6,2.3333333333333335,6
A31GTDKHE1956B,8,4.75,8
A31K37FL1SI1PB,7,4.285714285714286,7
A31KX4DOWBTSH8,5,4.6,5
A31LCR74CPDI89,8,4.375,8
A31MXW79N2UKRO,8,4.375,8
A31N4OTMKWDWFT,7,2.7142857142857144,7
A31OWBEL69F0P4,5,2.4,4
A31SXUKYBTVCQ1,7,4.142857142857143,7
A31UEX0A2FFMGV,11,4.636363636363637,1
A31V9DYW70GUG6,5,4.2,5
A31XUJMEDBUGKR,9,4.777777777777778,8
A31YIWUWXX72OX,5,3.4,5
A31ZFRBA77IICU,5,3.8,5
A320PKM24PC4P8,5,5.0,5
A323I32OX2YLGC,6,4.666666666666667,6
A32934MPM99460,6,4.166666666666667,6
A329L3P06GMG17,8,3.875,8
A32C7Y81FEW8BQ,5,4.0,5
A32CRHFDCIXVZ3,8,4.5,8
A32D0V33MH143M,6,3.3333333333333335,6
A32DSSP53DJG2R,6,4.5,6
A32FGH3HYQDQK3,6,4.5,6
A32GDXEBMFRY0M,5,4.4,5
A32GW9N8C3I1GN,7,1.4285714285714286,4
A32GWIG35XVBT5,5,4.0,5
A32H0FXY56DU2F,5,5.0,5
A32H9IQOQC691Q,6,3.6666666666666665,6
A32IHBC1UMRM0B,5,4.0,2
A32ITAZQC319KB,10,5.0,10
A32J61F2YI3YX,6,4.5,6
A32LKFZQJWZYCJ,6,4.333333333333333,6
A32LKHQGJ8Q9A0,5,4.4,4
A32M3PMH6DSLKD,26,4.3076923076923075,26
A32M9CZX2NBE8M,6,5.0,6
A32MSOCZRR00C1,6,4.333333333333333,6
A32Q47ZCQLW8PK,5,3.4,5
A32QBJ9U4SOU3S,5,4.0,5
A32UION5ZPO02T,7,4.0,4
A331BHAR0TRLWT,11,4.090909090909091,4
A3324514QLHUFW,5,3.8,5
A3331XPWE0QR9O,5,5.0,5
A333FZR3OVVRBV,6,4.333333333333333,6
A335VKKN8Q0NO6,5,4.8,2
A337NTS6HYOX5U,5,3.8,4
A339XZ1ZOSFQZL,5,3.0,5
A33FAGRV3UTM2Q,5,3.6,5
A33GD4H5O1MK6S,5,4.0,5
A33GTEAZ576TBW,5,4.8,5
A33H2EQDHUJIRZ,5,5.0,1
A33HUQKEX1GVQ4,5,4.6,2
A33HWHTD7V51IR,5,4.4,5
A33IRI6EEWV51H,5,3.8,5
A33L3S7WYUHR9G,6,4.333333333333333,6
A33MRTDZSTZ59U,5,5.0,0
A33N4DARW3FDID,17,4.705882352941177,16
A33NU975OZFDI0,5,2.2,5
A33P00D7RCE6F,5,3.0,5
A33PLA1JIOQZ2I,7,4.142857142857143,7
A33QHSB3PO7OPZ,6,4.5,6
A33S3TEZF5BZS1,5,3.4,4
A33TO4W709I6EA,10,5.0,10
A33UH4WVTWA524,5,4.2,5
A33ZQAI5SUB533,7,5.0,7
A340G2MRK2RO6H,5,3.2,5
A340YXQPA2BR11,7,5.0,5
A3413ONP7YQFQ7,5,4.4,5
A342L6TQ0R97VH,5,4.8,5
A349OFPZ0B9K29,14,3.7142857142857144,9
A349XKYIQV9BTM,5,4.8,5
A34ALFQR2XMYZN,6,4.666666666666667,6
A34BAN0QT55J2O,10,3.5,10
A34BP83Y132YAR,5,4.2,1
A34CVHUIHATZGQ,5,4.6,5
A34ELZE0E6VY31,6,4.5,6
A34F5X10LYX1O6,6,5.0,6
A34GDWT224WE82,8,4.375,8
A34HDJMXEOVOPM,5,4.6,5
A34LYR4FWZ77CA,8,5.0,8
A34NDY5V71MVJ6,9,4.666666666666667,9
A34PT36D0P2U2Q,5,4.8,3
A34QQLY28PNUP5,5,4.0,5
A34RUMVUKSM2BH,5,4.6,5
A34SCRN7OF0G73,5,4.6,5
A34USV6KYMXOTG,5,4.4,5
A34V50GVU3MYR5,7,4.714285714285714,7
A34WNRME4CRFHU,5,2.2,5
A34WSGSH5OBAM2,8,5.0,8
A34X2ZF6242DHE,6,4.0,6
A34XILAKBZ5UTP,5,4.2,5
A34XRHYHKPNAR2,6,3.5,6
A34Y9F2CG0K6JA,6,3.5,5
A34YHX2WUNM4R,5,3.8,5
A35005P9TLM9LN,6,4.333333333333333,6
A351HQ1R4JB991,7,4.0,7
A3528OX1MRJRUA,5,5.0,5
A35383F78OFV4B,6,4.166666666666667,4
A353OJ19SEMPT4,8,3.0,8
A353RND4SM8OQN,8,3.75,8
A3565H3XGV3BW7,5,4.6,0
A357MV7OZTV0HB,6,5.0,6
A357OR08CQPL09,5,3.6,5
A35BVC0ZG17QJ1,12,3.5,12
A35CB00KCEZ4E6,6,4.666666666666667,6
A35DLVNGA4WPBO,5,2.8,5
A35EWKRZT34FRX,5,4.6,3
A35GHXZULCPQIK,5,4.6,3
A35H2VC3O5Q8BI,10,2.4,10
A35H6YCR55AFFH,7,2.857142857142857,7
A35J8V529D6MM8,6,4.333333333333333,6
A35JRUKMF5NWN6,5,4.2,5
A35L25OEKAJ6R,5,3.8,5
A35MHO5J1LB4FL,6,4.333333333333333,6
A35NDLHWQ6I9R3,5,4.4,5
A35OQ90FU3P52,6,4.666666666666667,1
A35PEJZYCVAZL0,6,2.8333333333333335,6
A35Q0YQVUEEM8W,5,3.2,5
A35RG57G4YTTCY,5,3.8,5
A35RWUDNGE864B,5,2.6,5
A35T6YM413HKJQ,7,5.0,7
A35U6TP5276HMD,8,5.0,8
A35V3H0PU1IK3E,5,5.0,5
A35VWMULW2JDPG,5,4.2,3
A35WQVG2DRG04U,6,4.5,6
A35WZ4D74QIM4C,5,4.4,5
A35XC43ZUS8MDB,6,5.0,6
A361YP9TEAKW3I,5,4.8,5
A364GFF50M6N06,5,4.4,5
A368SSEOTUC6XJ,6,4.333333333333333,6
A36BDCMQFTGZ48,5,2.8,5
A36CL0UNF90IXC,5,4.6,5
A36D0KPXN6QB6W,5,4.6,5
A36DXNNMQ6Y7HZ,5,5.0,5
A36F1IIL0RJVSI,6,3.8333333333333335,6
A36GNVEQP92OPA,6,3.0,6
A36GUL3Z65YSIP,8,4.0,8
A36IELSGQ5RD8O,5,3.8,5
A36JQQW1GD7PT8,5,3.2,5
A36KOPPJSALWSX,7,4.428571428571429,0
A36LGBDJ75EOVE,7,2.4285714285714284,5
A36LL7YXDMYTZ6,5,4.4,3
A36MZPIVEMQ001,5,3.2,5
A36NJBRWNAK5F3,6,5.0,6
A36P2NRUH08YLE,11,4.909090909090909,5
A36SZSBL6X3GGJ,9,3.888888888888889,9
A36T5MSMYI9F3C,8,5.0,8
A36UF843501J4Y,8,5.0,8
A36UPG0WRS2HCC,6,4.5,6
A36XF6818PQ4DJ,8,5.0,8
A36XO7VURDESG1,5,3.8,4
A3704EJN1RIBR1,8,3.375,8
A370TWVWDY30XG,5,5.0,5
A373T3GFFI2DQX,6,4.0,6
A374YM2W1ZOLPJ,5,3.6,5
A374ZXYGSZ538K,7,3.857142857142857,7
A376ESZ0EXJKVS,6,5.0,5
A378IT708JRHL,7,3.142857142857143,7
A37B8RRBJEQ88P,8,4.125,8
A37C5HK5BEVX8S,5,4.4,5
A37EEIAK5YJGTS,8,5.0,8
A37F0F48Z6QXEE,13,4.6923076923076925,13
A37H85YC1UKUAC,14,3.7142857142857144,8
A37IC4BCS9LL5K,5,3.8,5
A37K0VP2H8FKOU,16,4.0,16
A37LZNM7C40VDH,5,4.6,4
A37OEAOYVLKYC,8,5.0,8
A37P26N2AC8WKS,5,4.4,5
A37RTXMIC21YOH,8,5.0,8
A37SGVRQ0YZFVR,5,3.8,4
A37VJEBKVOENJA,8,4.25,8
A37Y0PJNGMVNJK,5,5.0,4
A37YWCHWCMSN3R,5,4.0,5
A37YYMLXPCB1LX,6,2.0,6
A37ZG4QLIBE61L,7,2.4285714285714284,7
A381NR6WTIOQQ6,5,4.2,5
A383GCKEGZ184L,10,3.9,10
A384VMS7JR982X,6,3.5,6
A3874LU22LNA89,5,4.4,5
A3881L3D6EP32E,6,4.0,6
A388KAJKOT8DYV,7,3.5714285714285716,7
A388KNV094E8C6,13,4.6923076923076925,0
A38BCNGD8XQTNB,5,5.0,5
A38BIAMP0UHRAG,10,4.2,7
A38BS1VCQ4XSGV,8,5.0,8
A38CL82Q48GIPM,6,3.8333333333333335,1
A38D7UDAF6FRVN,6,3.6666666666666665,6
A38ET0Z66OBZ39,7,4.0,7
A38F16J0F9HMDD,11,4.2727272727272725,0
A38FAUIFCN4XKF,6,2.5,6
A38G7E9NC39ELK,8,4.5,8
A38HH5PLI6CM2I,5,4.2,5
A38HWKGV6ZI6HW,10,5.0,10
A38JR732AGE1WB,6,4.0,6
A38KXJ2C7S647M,5,4.2,5
A38MNWW6OKA6KI,5,2.2,4
A38R7Y3U2CIBH2,5,3.8,5
A38RVHADJCQU7Q,6,4.0,6
A38SS10Y7N5BC7,5,4.6,5
A38VYZA2VMOFF1,5,4.6,5
A38X15IJFAPHZP,8,3.0,8
A38X2R3BOQGQZQ,5,4.4,5
A38XS08I7CNOUY,6,3.5,6
A38XXYX38PIGFH,6,4.166666666666667,6
A38Y31X4A117A2,5,3.6,5
A38Z4KJHHVY0AU,8,5.0,8
A38Z9DQXC4D05F,5,1.4,5
A391RE5DYP4XVG,7,4.714285714285714,7
A3925ACXQSD162,5,3.4,5
A394FIYOOFOMVG,5,3.4,5
A3950DV3I9GBUP,5,5.0,5
A395UY5RHNNFYN,5,4.2,5
A39943Z2419XIU,8,5.0,8
A399NTNSRFPYL,5,2.6,5
A39CUM3934HQR7,5,4.0,5
A39DLDSFKPQZCE,12,4.666666666666667,7
A39ECP5GYNERKI,9,3.7777777777777777,9
A39ET6HC37YPAH,5,4.2,5
A39GNW9BXKLK0Q,5,5.0,5
A39JIILJK3HX47,5,5.0,4
A39KAAOUV3QZZJ,8,4.375,8
A39LISAY8SNHM,8,5.0,8
A39M9C3NQ5K0F7,5,3.2,4
A39MJ5T2K0PZST,8,3.375,8
A39PKDKA8CS3VL,5,3.8,5
A39QEX90QRTSKJ,7,4.285714285714286,7
A39QPVYK5Y320H,5,4.0,5
A39T1VSPAT0FNG,7,5.0,6
A39U1R8S96YIR4,9,4.888888888888889,9
A39W7Y2R9Y0T8S,5,3.8,5
A39XW67H6XEUOJ,8,1.0,8
A3A0HGBU99L1X1,5,3.4,5
A3A1266T9VY033,5,3.4,5
A3A1WNLVE9KBUZ,7,4.857142857142857,7
A3A2DRPMDCRFBC,8,5.0,8
A3A2W8ABYCO72P,5,4.2,5
A3A6JWL933EN5T,6,3.8333333333333335,6
A3A90ECS7ALV4T,8,5.0,8
A3A9X8QXTCSB2D,5,3.6,5
A3AC42B6TJAJC2,5,4.0,5
A3AFM7RI5VSMQD,5,4.4,5
A3AG75YGSUMJCA,13,3.3846153846153846,13
A3AHMGENL6AYTN,5,3.4,5
A3AI0RWJHC0SH3,5,3.2,5
A3AJNP76RWQKKM,6,4.333333333333333,6
A3AMFQF57P1RBL,5,5.0,0
A3AMVQKSAPI8F8,6,4.666666666666667,6
A3ANZB9BGL6XMF,5,3.8,5
A3AV2CUDN293FP,5,2.0,4
A3AV4R3IAWJXJ,5,3.6,5
A3AV9CIXZBP51B,5,4.2,5
A3AVDHQIZ2ZO9Z,7,2.142857142857143,7
A3AX2O5FYD7JR1,5,5.0,5
A3AZ9E3IK2S3NN,5,2.6,5
A3B23RZXRXYT9Q,9,4.888888888888889,9
A3B2JB6AWX6FIY,8,2.375,8
A3B2LJ18SXYXY7,6,5.0,6
A3B2PAWZRFXAHX,5,5.0,5
A3B2PJS73SWRBV,9,5.0,9
A3B4FM5VE99X4P,9,4.888888888888889,8
A3B5H91H7PR892,5,2.8,5
A3B5TYITM5FKRO,8,5.0,8
A3B8PBI4ABKAGQ,7,4.714285714285714,7
A3BA7IOENDZ8DY,5,4.8,5
A3BDDKD7WAE8QA,5,1.8,0
A3BDLUFYN1SYXU,5,3.2,5
A3BM4Z1ICF15GT,6,4.833333333333333,1
A3BMF04NAARWFO,7,3.7142857142857144,7
A3BN0MRGRDKM0J,10,5.0,10
A3BON1Z509XIRA,6,4.333333333333333,6
A3BOVWXH25HM4J,5,3.6,1
A3BRL8KNA6U4HE,8,4.75,8
A3BS3CO96FYY4X,5,4.4,5
A3BTBI91TX71W5,8,4.5,8
A3BV06QLR8GWQ8,6,4.333333333333333,6
A3BV366UEWNOF5,6,3.6666666666666665,6
A3BWFV3AMJ65PZ,6,3.3333333333333335,6
A3BX45SC5SG8BM,16,4.375,16
A3BY9C0O1CF01K,6,2.3333333333333335,6
A3BZKR332FQEP8,8,5.0,8
A3C1A4BR92Q8LR,5,5.0,5
A3C3V7JK6ZE9D1,7,2.0,7
A3C4H8UG72R0E7,5,5.0,5
A3C6DPXFO7KWQY,5,4.6,1
A3CBPLPI1PJJYX,5,4.4,5
A3CC8G01GFVBT5,5,5.0,5
A3CCPKP3ZUY793,6,2.6666666666666665,6
A3CDS3OJSTUY2V,5,4.6,2
A3CE2M1TEM3SJQ,6,2.5,6
A3CERMTUDAWQ20,6,1.8333333333333333,6
A3CETPHFYBWFN7,5,5.0,0
A3CF7FLF2FZNK3,6,4.5,6
A3CI38UJA4YR39,6,4.166666666666667,6
A3CLMS1H8D2XJN,5,3.8,5
A3CLRKEP47LQ15,5,2.6,5
A3CMY6YN374VD1,6,5.0,0
A3CNECK5LWX5NO,5,5.0,5
A3CNFU4DVC5981,5,5.0,5
A3CNRM11BHAR1A,8,5.0,7
A3CP7Z9YZUOAAW,6,5.0,6
A3CPIQ6EWOVFZR,5,5.0,5
A3CQ6OVFUNRK6W,5,5.0,2
A3CRWDWP2VKFH1,7,4.0,7
A3CSP2AIZZCDGC,5,3.8,1
A3CT03ZRI5SJGS,5,3.8,4
A3CT5U6P8KM9AM,5,3.0,4
A3CW025HVKSXVN,5,2.8,5
A3CXL2P49AQQRH,8,5.0,8
A3CZ0K3S0BXHKE,22,4.681818181818182,0
A3D08QFU1IOU3I,5,4.4,5
A3D11W102V5AER,6,4.666666666666667,6
A3D140J4JTAKSZ,5,4.8,5
A3D1FW2E4EM47P,9,4.666666666666667,9
A3D40KPDXX66FW,6,3.8333333333333335,5
A3D5GSNDV1CU7R,5,4.6,1
A3D71DQPAAI6O4,9,4.888888888888889,9
A3D9F71DTRFUU,5,3.8,5
A3DA3DFWXB9B9E,5,3.6,5
A3DBN7WV4OCNLW,6,3.5,5
A3DC74DNU1ECJJ,5,4.0,5
A3DC74MZ4TOY8C,5,4.4,5
A3DE3YPXXPYFMK,6,4.333333333333333,6
A3DEFLTJ8AC33Y,6,3.8333333333333335,6
A3DER3ZGCN29YQ,5,2.8,5
A3DGQHWMYL7CJR,6,4.5,6
A3DIFP6RD825L8,5,4.6,4
A3DIMXA53RL7P,8,5.0,8
A3DP4X98YRTFWS,5,5.0,5
A3DR5GDAH98LH6,5,3.4,5
A3DUI0VGH14OHP,10,2.9,8
A3DWF8XCXXG6U6,6,5.0,6
A3DZQAYF19MV43,5,3.4,5
A3E05IUHHCTRJC,8,5.0,8
A3E1OB9VU712UJ,6,4.833333333333333,6
A3E2389UZHMXJ4,6,4.0,6
A3E2AGCF3MH00A,6,5.0,6
A3E30OLSMGJEVK,5,5.0,5
A3E3O468TGBYRP,12,3.5,12
A3E4B6T2TS9BU3,7,4.142857142857143,0
A3E6674S5VX1R3,6,2.3333333333333335,6
A3EBPHKGHMBPPI,8,5.0,1
A3ECY2MV6623WC,5,3.0,5
A3EEII7SHQRJWH,5,4.6,4
A3EFDS229PNFTG,6,4.5,6
A3EFZTFNIM6M9,5,5.0,5
A3EGX279HQLHBT,5,3.4,5
A3EKS5WF6XL5WT,12,3.1666666666666665,12
A3EOYFVP68048C,8,5.0,8
A3ESM230DUP3NG,6,3.6666666666666665,6
A3EW0V38Z8JVBI,6,4.166666666666667,6
A3EWVN2NVFIA03,5,5.0,0
A3EY85G5MJ3XO,5,4.0,5
A3F07YSG36LYXV,5,5.0,5
A3F0JD97MYC5FW,5,4.4,5
A3F4R1G4WDQWMJ,5,4.8,2
A3F5015D4BBJM9,8,4.0,8
A3F5ROTTIBMMVA,5,3.6,5
A3F67FR55ULNZ3,5,2.6,5
A3F69KKHOB9D9E,10,2.7,9
A3F6ZP5VM8QUC6,5,3.6,5
A3F8NKMHCBFIEX,5,5.0,5
A3F8VTXMDKEGYE,6,4.5,6
A3F9CMU8KNAY1M,7,4.857142857142857,1
A3F9I66O807RYF,5,5.0,5
A3F9T5SCCY7UJW,5,3.8,5
A3FA3EXAUOYJZQ,5,4.8,5
A3FC7LPBDN6623,7,3.4285714285714284,7
A3FCN3RQXCXY0J,5,3.6,5
A3FCON8N6PJIZB,5,2.2,5
A3FET2DF3VKXYP,5,4.2,5
A3FFFIQD32IDNA,5,4.6,4
A3FFFWGUIPLAQ6,5,2.6,5
A3FJE7X27PC5O5,5,4.0,5
A3FK7ZRSMF0UD0,8,4.25,8
A3FLJH9N4F2TED,7,3.5714285714285716,7
A3FOL5CECUQJKV,5,5.0,5
A3FPISSXXCPZH2,6,4.666666666666667,6
A3FQ3P3ZQXXHR1,10,3.9,10
A3FQLT2W1JXBAS,6,2.3333333333333335,6
A3FR4QXW7JF15E,6,4.0,5
A3FUL6VFZ5J05V,5,3.6,5
A3FY070FAMN3B1,5,2.2,5
A3G1TWXDE3NUC0,6,4.166666666666667,6
A3G2IEH99QRNYP,8,5.0,8
A3G322BXBZQHML,7,3.5714285714285716,7
A3G3UE0P6T6JRD,12,4.5,1
A3G5KDMFNRUXHB,40,3.375,40
A3G5OIVLDJLM7B,5,3.4,5
A3G9LM8P2CEJID,5,4.2,5
A3GCCTWI5A10Q9,9,3.6666666666666665,9
A3GEYXLPVKKMF4,5,5.0,5
A3GGLC3JDSSQ5,5,3.4,5
A3GHD9OJX2GE7F,7,3.4285714285714284,7
A3GHOB8TZQHMJI,7,4.857142857142857,7
A3GJ2XW7W3VC5L,8,5.0,8
A3GJ3DJU1RXOHN,5,4.0,5
A3GNNUZBQ6YKD2,5,3.8,5
A3GO78M9PUFGHS,5,5.0,5
A3GPR4SKRP0QNR,5,4.4,1
A3GQXGVAIH5EU4,8,5.0,8
A3GR2SYSNVVWZI,7,3.2857142857142856,7
A3GUGC8D1IUYTO,5,4.6,5
A3GVT2F2T0YIHE,5,4.8,2
A3GWE6NLV3KWLE,6,3.0,6
A3GX0PBJ73KJA5,6,4.666666666666667,6
A3GXFPWA8MIPZS,5,4.6,5
A3GYH3TCW53A5I,7,4.0,5
A3GZPIJCM74C09,5,4.4,5
A3H3Y8YC5YBCJL,6,4.833333333333333,5
A3H4XRY1XOAC1P,5,5.0,5
A3H57EQX5T3XEW,6,3.5,6
A3H6A9RH9LN2LJ,7,5.0,7
A3H6UCVNVQYTMO,5,4.8,5
A3H7WYPOK2W8DW,8,4.0,7
A3H9RBFZPE17MG,5,4.8,5
A3HAEFSQKKGHUL,5,5.0,5
A3HEASG7CZGZ8P,5,4.8,1
A3HEDSHEC87QB0,5,3.4,5
A3HG9TX7SYOPWY,5,4.2,2
A3HJLDT21W3ZKC,7,4.0,1
A3HKDQLWOJN8Z8,5,4.6,5
A3HKG4TF015LKU,5,1.8,5
A3HNPEFZFFLUHY,5,4.2,5
A3HNVK54AU9SK4,5,4.4,4
A3HOEGRV5V2XEK,5,4.8,5
A3HQR9O9X9BABV,5,3.4,5
A3HR4JULMIX4H,5,4.2,4
A3HS4ZPJHAMZYS,6,3.8333333333333335,6
A3HSJKU7GQM02N,7,3.857142857142857,6
A3HTAY7PBYL8A8,6,4.333333333333333,6
A3HVLVQHNI7DAF,5,4.6,4
A3HX4X3TIABWOV,6,3.6666666666666665,6
A3HY76DS3KN7AY,7,3.7142857142857144,6
A3I0ZDRING4F8W,8,5.0,8
A3I2VLAN6WQDWF,6,4.833333333333333,6
A3I3QZ499DNKNS,9,4.444444444444445,9
A3I54VBLMSUAZZ,13,5.0,13
A3I7V9NHAZ2I8N,5,5.0,5
A3I9IHDPUNYUMQ,5,3.6,5
A3IB38NHE793IX,6,5.0,6
A3IBKSIKFGGV35,5,3.0,4
A3IDFOQYC0GO0Z,5,5.0,5
A3IDRCWB6FSZBC,5,3.4,5
A3IDT5LC91YJJU,5,1.8,5
A3IEWRC02M2HCT,6,3.8333333333333335,4
A3IHBUKPORXM5H,7,2.857142857142857,7
A3IJ5MTU267RJ8,10,3.9,10
A3IJEYXLL904HS,5,2.8,4
A3IKDALGJV1Z62,6,3.1666666666666665,6
A3IKLTT9JQACCI,5,4.4,2
A3ILJZNW889GU0,5,5.0,5
A3IN6HXP9SE1NJ,5,4.6,4
A3INXMG34PE0TC,10,5.0,9
A3IO5BLF4EPZDR,8,3.0,8
A3IOC3FCG212B7,5,2.0,4
A3IS0YD43RRANV,8,5.0,8
A3ITEXWTQ8W9NE,5,3.8,5
A3ITLPJS1CARZX,5,4.4,5
A3ITW0ALK352HY,5,4.4,5
A3IU8RYZV5422B,6,5.0,5
A3IUM4F9VVW70I,9,3.3333333333333335,5
A3IUZZMKNQ7LYZ,18,4.5,14
A3IYXGZKZAMA1M,5,4.6,5
A3J4XAGMLTHFHZ,8,3.0,8
A3J5GBMT4S2OWA,6,4.5,4
A3J5XBZ9ZNEZOC,21,4.142857142857143,21
A3J707AS6D1NGP,6,2.8333333333333335,5
A3J71EUTYC3RCJ,8,3.75,8
A3J7B48CS9I9OS,6,4.0,6
A3J7CB7OE1JZGR,7,4.428571428571429,7
A3JBIT148KIFBY,5,4.6,5
A3JBLTHD2A6KLZ,8,3.5,8
A3JBQHQZEZPQK4,36,4.888888888888889,36
A3JC9SI2LXG7ZG,7,4.571428571428571,5
A3JD47998DW2HH,5,4.6,5
A3JDTW351GHLFV,5,4.8,5
A3JFYAHRIHS14K,6,4.833333333333333,6
A3JG9ATEGK4ITR,5,4.2,5
A3JG9C53IUSAJ6,5,2.8,5
A3JGWZXFBDENRB,8,3.0,8
A3JJHE790KXK6V,6,2.8333333333333335,6
A3JLXKT7HJD8LF,5,4.2,5
A3JM2IAXB40P8K,5,4.0,5
A3JNBZVEKXQKD2,9,4.222222222222222,6
A3JP8D6IWTIEXU,6,3.5,5
A3JPU96NVWGUF5,8,4.0,8
A3JQ91DSU841Q3,5,3.6,5
A3JQF8EJNLIOIS,5,3.6,5
A3JR4ZUHGBY8T4,6,4.166666666666667,6
A3JRUWOW7V9W1N,7,4.142857142857143,7
A3JTU11KJDTP0A,5,4.0,5
A3JTZ664IGZIOK,8,4.0,8
A3JTZGWZQG15E9,5,3.6,4
A3JUWDHJEYYAK4,5,3.2,5
A3JVYMD4HETANN,6,4.0,6
A3JXOSTUU2963Z,5,4.4,5
A3K0F8KGGEMHL,5,3.6,5
A3K1M518IC372T,5,3.6,0
A3K1TICKDV9NMP,5,5.0,0
A3K605D967QFHR,5,2.8,5
A3K6852AILJ825,8,5.0,5
A3K7YJBGSYHGC2,8,4.5,1
A3KA27VTH4VSN7,5,4.6,5
A3KA46MLPT89OH,18,4.166666666666667,18
A3KAETAZIYHQOB,6,1.6666666666666667,6
A3KAX5RZ4XH9L7,8,4.0,8
A3KDAC88FV2GMS,5,5.0,5
A3KELYEH1VFFUA,5,4.4,5
A3KF8H08IDQ3N0,5,3.8,5
A3KH236N67GK37,9,4.0,9
A3KKV8VNS9QI2K,8,4.25,8
A3KKVVAINMZF9D,8,5.0,8
A3KL8BY5GC972Y,5,4.8,0
A3KMGBQ98XNUZ7,6,4.833333333333333,6
A3KOCQAGY34RCM,7,3.2857142857142856,7
A3KOKUIG5EJ2OX,5,4.6,5
A3KP3GYLMP451Z,7,5.0,7
A3KPA8VMBBYV4J,6,3.6666666666666665,6
A3KR11BA7ZCH35,6,4.333333333333333,6
A3KRRVHYFDDU59,6,2.6666666666666665,6
A3KS8VKRQA88VF,5,3.6,5
A3KVCRTKTBHHE4,6,1.0,6
A3KWGJH9EBRLE8,8,4.0,8
A3KWRN60B8TGNF,6,4.0,6
A3KX4ALL01CUWQ,5,3.8,4
A3KY6OMYYCAKMK,5,4.2,5
A3KYBUK9FW05DJ,8,5.0,8
A3KZZKLMSGURHJ,6,4.166666666666667,6
A3L04KM8JSCQ12,5,4.8,2
A3L0CUW8LZC8P2,9,4.444444444444445,0
A3L2ZBKEM50GAV,6,2.8333333333333335,6
A3L3EUKGCDDNZ,5,5.0,5
A3L43C05Z91IOU,5,4.2,5
A3L5L2L6JDNW31,7,4.857142857142857,7
A3L5TUJ127SR51,5,1.8,5
A3L60GWXL4EGF7,5,4.6,5
A3L65LU0YQNQ36,5,5.0,5
A3L764BNZT17FG,5,4.6,5
A3L7ARYE5WXBTV,5,3.0,5
A3LBE3J28WGC2U,6,5.0,5
A3LBTMJ453T4W6,8,3.0,8
A3LDO1UN67B3BB,5,3.8,5
A3LGYYLGO2KJOE,8,5.0,8
A3LHYFQGZOPRCC,5,5.0,5
A3LJ4LLR2UX4CB,8,5.0,8
A3LJJVOMDBMYFZ,5,2.6,5
A3LJN0YB02BONV,13,4.6923076923076925,13
A3LJRA2I5F34W5,5,5.0,5
A3LK0TBN08MDG7,5,3.6,5
A3LM29NNR564RU,10,4.1,10
A3LNJPEJN1LJB,5,5.0,1
A3LOAWGFIPZKY,7,3.2857142857142856,7
A3LRCZTT9805EV,5,5.0,4
A3LS9Q60GTWECX,9,4.777777777777778,9
A3LT4LL5ASVU3I,10,4.0,10
A3LTF2QVH4D77P,8,5.0,8
A3LWEZO2OWFJX5,8,5.0,8
A3LX2VT91TE1M1,20,4.9,1
A3LXA1066JT9RH,6,5.0,5
A3LZXIVHCAS2V0,6,3.5,6
A3M01XCG11NCGE,5,5.0,5
A3M27PGA134MSV,5,4.4,5
A3M4VLJHRZTTYM,8,4.75,8
A3M69Q5SNV7U0X,8,2.0,8
A3MA4MRFUHS5P7,6,2.8333333333333335,6
A3MBDM1YTB0VDI,6,4.166666666666667,6
A3MBX33MOIN0AU,5,4.0,5
A3MCSY6G0D0FU9,5,3.0,4
A3MDGBPV48057M,5,4.8,5
A3ME6RA0H9ZI6C,7,4.714285714285714,7
A3MLUKN81G2LIP,6,4.166666666666667,6
A3MM8K7GICTPEE,5,5.0,0
A3MNNG9VVZ2ES3,5,3.6,1
A3MNW6FCK7H50O,7,3.857142857142857,7
A3MNYXO5MOJ4FT,5,3.2,5
A3MO3QG6X17UN8,6,4.333333333333333,6
A3MPHEJ0N39W87,8,3.375,8
A3MPZDOIVBS6GU,6,4.166666666666667,6
A3MQGNU8IZI4RZ,5,4.2,5
A3MR5EBJUC3MO9,5,4.2,5
A3MUQXAW2RWC7D,6,4.166666666666667,6
A3MVS8W3I12Y9V,6,2.6666666666666665,6
A3MY10U56043XK,6,4.5,6
A3MYOM4XLO3SG8,5,4.0,5
A3N1UHEMRRT9,8,4.5,8
A3N2YM7QN8G27J,7,3.4285714285714284,2
A3N30M1FX7M26Z,7,2.7142857142857144,7
A3N4IPH7O8E244,5,4.6,1
A3N9JDOVUTWR71,6,4.5,4
A3NA9814ODU2MA,5,3.2,5
A3NAUSUOBMW1XH,8,3.0,8
A3NBH44CNRJSWA,5,4.2,4
A3NFG0PQ4FA91F,5,4.4,4
A3NFXN00GEFCUA,6,5.0,1
A3NHT3S40JG92U,9,5.0,9
A3NHWJDAUZU61I,8,3.75,7
A3NJ0J7WUBKLJ5,8,4.125,8
A3NLFDMCVXJ9OY,5,3.6,5
A3NMTCFU9VWTXB,5,5.0,4
A3NN0XMLRH01ZX,5,5.0,5
A3NN3DH8YTKING,5,3.8,5
A3NO1XADYZ2FYT,6,4.166666666666667,4
A3NQ9OCKRLJ0F4,5,1.6,5
A3NQFZIPITICVV,5,5.0,5
A3NQOGFYIM4726,9,4.555555555555555,9
A3NR9DVI9VLLW,5,5.0,5
A3NTFROW9H4EAR,8,4.625,8
A3NV56DLGAK74H,5,3.8,5
A3NWOZWTULPMWS,7,3.5714285714285716,7
A3NX9YXUAR5VR4,13,3.8461538461538463,13
A3NYJSMPJF3LBL,5,4.2,5
A3O0UBMD8CSF1V,8,5.0,8
A3O1IMYPTIQKYS,6,4.166666666666667,6
A3O3KF45YVTOGY,8,5.0,8
A3O3QUBZ15VUYU,5,3.4,4
A3O5M5Q2S6I8YV,5,4.4,5
A3O5O7TS9ISZ2,11,4.545454545454546,11
A3O6M2ZJ4S0URG,8,5.0,8
A3OAG7MIJ5VP36,5,4.2,5
A3OBZFBYS5QVUK,5,4.8,5
A3ODN7TUF7J72U,9,2.4444444444444446,9
A3OH2RTIE4UMNX,5,1.2,1
A3OI6M4WG0N5S5,5,4.0,5
A3OI8OULGMSXDL,5,5.0,4
A3OJOAAHJYRLCE,5,3.4,5
A3ONF0JD2UBP54,8,5.0,8
A3OO76VR18EFBW,5,4.2,5
A3OP1NKCMO99U2,5,3.6,5
A3OP70LPLALBKN,17,5.0,17
A3OR7E6U095VO,6,4.5,6
A3OS63ZWKSA33Y,7,3.4285714285714284,7
A3OUXPZ0CJGYOZ,6,4.0,6
A3OWWJJ5PZBDXX,5,3.8,5
A3P01BVD2EDBJ7,5,4.0,4
A3P0N6H8GLTE7F,6,5.0,6
A3P16GIKW1NQD2,7,4.428571428571429,7
A3P1MRTMU7EH0D,6,4.0,6
A3P3KSG7B7TWNW,6,4.0,6
A3P49ZIJH18V34,5,5.0,5
A3P5I4Z040M2TN,5,3.8,5
A3P6QOOFTC10G7,5,5.0,5
A3P7FBDQXKNB4P,5,4.0,5
A3P83RFCGXNECN,5,4.2,3
A3P84XURF0N482,8,4.375,8
A3P9DECTULU1B3,8,5.0,8
A3P9GM8M5I95GR,5,4.4,4
A3PBMHEF9FG447,5,4.6,4
A3PBOVMP86F323,7,3.2857142857142856,7
A3PH668YE9KIA8,9,3.111111111111111,9
A3PIONJRMPIRY4,7,4.285714285714286,7
A3PJRQ8ECOSJ2G,7,4.0,7
A3PNYMMGGQM25R,5,3.4,3
A3PO2D49FFG4QG,6,4.5,6
A3POZ78L099LJ8,5,3.2,3
A3PP7C4R5IBT4M,6,4.666666666666667,6
A3PRZ9ESGB2KPU,8,5.0,8
A3PSAYKLJH5PIP,7,3.4285714285714284,7
A3PSH91YKGP4IV,7,4.428571428571429,7
A3PT5DAQT160GP,5,4.2,5
A3PTB4SG3KR9H5,6,3.0,6
A3PTZ7IHGU9BA8,8,1.0,8
A3PVAFUIO216VI,10,4.1,10
A3PVCWI9OXBBLW,8,4.5,8
A3PVRP7ESKD7O6,5,5.0,5
A3PWJQI2CF73QP,6,4.0,6
A3PWVFNNC7SJA,5,4.4,5
A3PXPHC5LE2UCK,10,3.8,10
A3PXU1TMVR9UX5,7,5.0,7
A3PYA5KHCVIVLO,5,4.4,5
A3PYL8QMFK33EU,5,5.0,5
A3PZ1TJ71WPLXV,8,4.0,8
A3Q0P75W9L9E7P,5,4.4,4
A3Q116JFTNM6Y8,5,4.4,5
A3Q1QHUK0JDLIE,10,4.6,9
A3Q30ZLF1UDGQU,5,2.4,5
A3Q40AWQ335HEX,5,5.0,5
A3Q4IAA3WIRF2N,5,5.0,5
A3Q5TATZLIYS13,5,4.4,5
A3Q8HQMHE6JXKC,8,3.875,8
A3Q9V0CHGU7O0C,5,4.6,3
A3QC2G5QQNC6W,6,4.333333333333333,6
A3QD6NITTMENAZ,5,4.6,5
A3QE49NYAXIHYR,6,4.833333333333333,6
A3QEC3DYKN2F9T,8,4.75,8
A3QGPS257NBHY8,5,3.0,5
A3QGQL9B3YC1ZU,5,4.2,5
A3QIAMHJ738EAR,5,4.4,4
A3QICC6OY5XARR,6,3.1666666666666665,6
A3QJLBE2LYBX43,5,4.6,5
A3QKKFB26AZSMG,8,5.0,8
A3QKWFC92S03MP,17,4.823529411764706,1
A3QN68V9QHWD53,12,3.75,12
A3QNKX6A96RKE2,6,3.6666666666666665,6
A3QNO6O6J5CSU,8,4.375,8
A3QNV9LUNM589P,11,4.636363636363637,9
A3QRDNWR5ITUR3,6,5.0,5
A3QSNF3WWPQJJZ,5,4.6,5
A3QT0OTFJTGHBD,6,4.0,6
A3QVTTTX8A7PKO,5,3.8,5
A3QW4NP2AZBKID,5,5.0,5
A3QX1A6IPFQTN9,8,5.0,8
A3QY3THQ42WSCQ,5,1.8,5
A3QYT7LYJ4H5FC,5,3.4,5
A3R09ZAUTB2PUU,7,5.0,7
A3R0YFIB74Q56N,7,3.5714285714285716,7
A3R2PQ01UGPDOX,8,5.0,8
A3R2SPBOLNCD2U,5,4.2,1
A3R30UNM4OGMHL,6,3.5,6
A3R3FQB40ZN1U7,6,5.0,6
A3R3VZ1GEYMLMI,7,2.4285714285714284,7
A3R43MFEC07TJ0,5,4.0,5
A3R5OE1RE8ZLAN,5,4.6,5
A3R72ZJRSS90VX,10,4.8,10
A3R7NK1VL7X2OS,8,4.75,8
A3R7S0N4C8RELY,5,4.4,5
A3R7WCSGLDQYPM,9,3.6666666666666665,9
A3R8MS0NEO049I,5,3.6,5
A3RADCJCOBJY75,5,3.6,5
A3REJDGMZ1K6L8,5,4.6,5
A3RF196RN23BTC,6,4.833333333333333,1
A3RF3E3RX5ETL1,7,4.428571428571429,7
A3RF6AYKF5CIZB,7,4.142857142857143,6
A3RG0QCNOOB6AX,8,3.125,8
A3RG1PT5BM0J6K,6,2.3333333333333335,6
A3RH3HS2KBTJMT,5,4.6,0
A3RHI4OPJHBGQR,7,4.571428571428571,0
A3RHNGQAZWUX01,9,5.0,9
A3RHXI6JV3SBY0,5,3.8,5
A3RJD85SKKTPKD,15,3.8,15
A3RJTOZU4NT6N3,7,4.0,7
A3RNGBSBRJ3YAQ,9,4.555555555555555,9
A3RNIIWXPX2MCB,5,4.6,5
A3RP2S6J4VUA7D,8,4.0,8
A3RPQJDLG0JXVT,6,4.5,6
A3RR2Z4CICP1KC,7,3.7142857142857144,7
A3RRAB09OTEB19,7,4.571428571428571,7
A3RRPUD70VNUOL,6,2.0,6
A3RS2MGJ5HTV0D,5,4.8,5
A3RT58PU3R1PNV,8,4.0,8
A3RTBSJWO4HT13,6,3.8333333333333335,6
A3RUU3RDPAICZM,6,5.0,6
A3RWVMOLGBPFAE,7,2.2857142857142856,6
A3RX1XEJSAEWVF,7,3.4285714285714284,7
A3RZO9E1OT5J5M,11,3.272727272727273,11
A3S0B9PP2JBUXM,7,3.857142857142857,7
A3S1CGGMXE41RR,8,5.0,0
A3S2TK8BDV81FE,15,4.466666666666667,15
A3S3938MAI78TH,8,3.75,8
A3S42PBL6X2XF0,6,3.3333333333333335,6
A3S47QJP7U95I4,6,4.833333333333333,6
A3SB69CQXBZ7MC,6,3.5,6
A3SBW272M7FHVH,5,3.6,5
A3SCWUU37W3FDV,6,4.666666666666667,6
A3SDFTO8HVWN0W,5,4.2,5
A3SEQK6N5W99G0,13,4.615384615384615,13
A3SETGFGBQ9YL3,6,4.833333333333333,1
A3SGOQZF6KQQE,6,3.5,5
A3SH8DL9RJGT7C,5,4.8,5
A3SHEE6BGOFEFY,9,4.333333333333333,9
A3SI06HD528CR4,6,3.3333333333333335,6
A3SIMQ78BZT6XK,5,4.4,5
A3SJ70NG0YJQVQ,5,2.4,5
A3SKYIGLMKDWQ7,5,2.0,5
A3SM5XENOINDNH,8,1.0,8
A3SN0ECLD4U5IN,5,4.0,5
A3SPIQ9I0XSEXX,9,3.2222222222222223,8
A3SQ0KM9GK2CA1,9,4.777777777777778,8
A3SSPXRVENPX28,6,3.3333333333333335,6
A3SSVI14J5S3UJ,6,4.833333333333333,6
A3SSYCJE4SNJJ1,5,4.8,5
A3STSKXAL2M00V,6,3.6666666666666665,6
A3SY27W509N582,5,3.0,5
A3T1JEO0UZ02LQ,5,4.2,5
A3T1O294HJJTUH,8,4.0,8
A3T1TDM8344VDV,6,4.833333333333333,6
A3T25I0YEIBZP3,5,2.6,5
A3T43TM49CV7U7,5,5.0,5
A3T4UJT2EMT9D8,5,5.0,5
A3T5H74TOGU049,9,2.6666666666666665,9
A3T7TTCBUEV0Z,7,2.857142857142857,7
A3T7VH4J0RH1K6,7,4.857142857142857,7
A3T8NHQYBQSV1X,9,3.3333333333333335,9
A3T9CL6JYWAP40,8,1.0,8
A3TD61P7UUYPPO,5,5.0,5
A3TEU7G2FCRKI8,5,4.0,4
A3TH4FT7E78C2Q,5,4.0,5
A3THSXC5I3WHA9,5,2.6,5
A3TI01DF54OHY6,6,2.3333333333333335,5
A3TILR90RJLTLG,7,4.285714285714286,7
A3TKSXNGPYQ2MW,5,4.2,5
A3TLWN2BRF1QH5,8,5.0,8
A3TMN244T2LJID,19,3.263157894736842,18
A3TMV0CAQR7DMP,5,4.6,4
A3TN88SDQGHRN1,7,3.5714285714285716,7
A3TOAR39W00JVK,5,5.0,1
A3TP7JYEOTI7JQ,6,5.0,4
A3TPMXP98FF0WC,6,3.0,6
A3TS9ZPJVUFURO,5,4.6,5
A3TUD5X5LGYYFS,5,4.6,5
A3TVOTJCH6Z5U7,5,4.0,5
A3TW0QJ4YU62LV,5,5.0,5
A3TWPW6C78JPGV,16,4.0,1
A3TWWEVDHE0N12,5,4.8,1
A3TYAKS0DXHY4O,5,4.4,4
A3U0BBRU2Q85LE,8,3.0,8
A3U0KAB7IT58SR,5,4.0,2
A3U4YCGTM7JN08,5,4.2,5
A3U7DQGZ57GUEM,9,4.555555555555555,7
A3U7FAH6WXIM4T,6,3.8333333333333335,6
A3UDDSWSOMZ731,5,3.4,3
A3UDH2K3F9W13Z,5,5.0,5
A3UDN58WADGX9X,5,4.2,5
A3UDQ1RC5D8JDC,7,5.0,7
A3UG0FZCPSG6C3,5,4.4,5
A3UGTT8EHN2AAA,6,4.0,6
A3UI6OVVOMNMSK,6,3.6666666666666665,5
A3UIDVXLPX9JRN,7,4.428571428571429,7
A3UJHD5EZNSX7K,5,4.8,5
A3UK6U65R9FRZY,5,3.2,4
A3UKE6AZ195YO3,7,2.5714285714285716,6
A3ULGO66TJRYYM,6,4.5,6
A3UMNRR89DIZRM,8,4.0,8
A3UN2GYVZ4SEFK,5,3.4,4
A3UO0DDWXIJ8DW,9,4.888888888888889,9
A3UPO9I0EGID64,5,4.0,5
A3UQJ8DMRNPY3W,6,4.5,6
A3URCB8TJ85XP7,8,4.25,8
A3US62BKIUQJ8F,12,4.666666666666667,12
A3USA0TB4WU70X,10,2.4,10
A3USCOIIHPZI61,5,3.0,4
A3UT2X5FTJ8IG,17,3.764705882352941,16
A3UTTXFSBNV2V7,9,5.0,8
A3UUIWBH8RHHWX,5,4.6,5
A3UV8C32PXYZVA,5,4.0,5
A3UYB31DFSCFEN,5,4.0,5
A3UYWYY168L2Q9,7,4.285714285714286,6
A3UZQG7Q81S8DH,9,2.6666666666666665,9
A3V1X9FMO7YLEG,5,4.2,5
A3V45YDG4A2DIH,5,3.8,5
A3V5CAP893D144,6,3.3333333333333335,6
A3V5IS71S9ROE3,5,3.4,5
A3V6I3EA3X3SCE,8,5.0,8
A3VA0MC2FUTOJ1,6,4.166666666666667,6
A3VAF5GP6K65VU,11,2.1818181818181817,11
A3VB2QOZ49RJ72,15,4.0,11
A3VBL759ON2K08,5,3.6,5
A3VCB20PLVL8WY,7,3.7142857142857144,7
A3VCKM23OK2LK2,6,4.666666666666667,6
A3VCLA2I2MFEB4,5,4.4,5
A3VE6Q3RY2JIM1,10,4.6,10
A3VEPQ1LU26253,5,3.0,4
A3VEPY5J39Z5DN,5,4.4,4
A3VEWO4XLRT2RJ,9,4.777777777777778,9
A3VEYQ83I9FE4H,8,4.25,8
A3VGHF7VNFBMCQ,13,4.846153846153846,13
A3VGPJ9TS487KZ,6,5.0,6
A3VHEASFGNI03M,7,4.0,7
A3VMS3661L9CC,9,3.2222222222222223,9
A3VODLTCWI9QBQ,5,3.4,5
A3VP4K1GUQA0NY,6,4.5,5
A3VQAUO4VDWB1T,5,3.8,5
A3VXU6OJCCI99J,7,3.857142857142857,6
A3VYO3NABILZE7,6,3.8333333333333335,6
A3W0GO31B8Y2KE,8,5.0,8
A3W11493KS6Z2L,5,4.2,5
A3W280IZYC4KIM,5,2.4,5
A3W5A9X3HHACQT,18,4.333333333333333,16
A3Y15MFKAKJR3,10,4.0,9
A3YDMUVX5DAGU,5,5.0,5
A3YHS12449C1Y,9,4.777777777777778,8
A3Z34JF1E73HV,6,5.0,6
A40PFAWOBZ6GZ,6,4.833333333333333,1
A41II52YCOH8Z,6,3.6666666666666665,6
A4455JHTQFWAO,19,4.052631578947368,19
A4598OIO2K8CQ,7,4.571428571428571,1
A45NXGKWVYGIK,5,5.0,5
A4625V2KV379S,5,3.6,5
A47UZJZLFLC11,9,4.555555555555555,9
A48KVD92FHNL1,6,5.0,6
A48QCY1S6I7TG,5,4.0,5
A49GKB351M2OK,6,4.666666666666667,6
A4AWDC55ZX5MB,5,5.0,5
A4EZF8G6DEDIS,5,3.2,5
A4F0ZOHHFC5JJ,7,4.571428571428571,7
A4F3VTA77BNKZ,5,4.6,5
A4GR8SDFRBSDV,8,5.0,8
A4HT8KSH5THF8,6,4.333333333333333,2
A4ITZXSAK13OQ,5,5.0,5
A4KSDKRL6983K,8,4.75,8
A4M7JTCBXRAT3,8,3.0,8
A4MUTKS2YX4ZG,5,5.0,5
A4O4JDKVHC27R,5,4.0,5
A4O7Y3RNVO3UP,5,2.8,5
A4P2F2OKKBDHR,6,5.0,6
A4QG4T686B9OL,6,5.0,6
A4REGLG83RB4Q,5,5.0,4
A4UJBFYUFGVIJ,5,4.8,5
A4VECDR5AVQUF,7,3.2857142857142856,3
A4XUS4PARQRC4,5,4.6,5
A4YQXWXEUJVKM,6,4.833333333333333,6
A4YV49T8Y0X94,7,4.142857142857143,7
A51Z4XS6WDDU6,5,5.0,4
A52Q410PZNE8Q,6,3.6666666666666665,6
A53319HNPIK5D,5,5.0,5
A53N13IV8VLQ4,6,4.333333333333333,6
A55CYCUN7UIKP,11,3.727272727272727,10
A55PI4GDI6T53,5,4.8,5
A56UA0F4USXPY,5,3.2,5
A57VSWSWFN6EG,6,3.6666666666666665,4
A58KVCCLMANJL,5,4.4,5
A5BAFQA42CVHZ,5,5.0,5
A5BJMAHZWGJ7N,6,4.666666666666667,4
A5BVT6E4SSQO1,5,3.8,5
A5CMZNXDFELI7,5,4.2,1
A5DT6EGBLPLU1,6,5.0,6
A5EUDR8X1NNBG,6,3.8333333333333335,5
A5GPH59NDWJRB,6,4.333333333333333,0
A5JF4EQ9MQC78,8,5.0,8
A5PBNDAZLSRTR,6,3.8333333333333335,6
A5PG0F1D3NC8T,5,3.2,5
A5Q331QKI0M8V,5,4.4,0
A5RY1STFIZEDY,5,4.6,5
A5XIE0Z86FVWQ,6,4.166666666666667,6
A5YYZ0DZ4IREN,8,4.25,0
A5Z3UGOPDBJPW,8,5.0,8
A60TVIQMJFAXK,5,4.0,5
A619VF93I67O5,6,5.0,0
A6294XGQSZ1CE,6,4.333333333333333,6
A62VUJ6MUZU6M,8,5.0,8
A62YNGN3IQZHF,5,4.4,5
A658YZOJQBDOR,5,4.6,5
A65D30A5915H5,12,5.0,0
A66CMWDD4QPAY,5,3.2,4
A68IV4G4LAZTC,11,4.090909090909091,11
A68WKVB6X23XD,9,2.3333333333333335,7
A69E4IGHELRWH,10,4.5,0
A6BHQ6FNIRI1K,9,5.0,9
A6CXK8NXD50R2,8,1.0,8
A6DSWUKQ1RQ9F,6,4.833333333333333,6
A6DZKWSIBFG1D,9,4.0,9
A6HF0OXZT4U11,5,4.0,5
A6IYTCB1PQ6NR,8,3.0,8
A6KCVL4387GNA,8,4.625,8
A6KROJLRO2TNR,15,3.066666666666667,15
A6LROAOLNKF34,5,5.0,5
A6LYSWT9W0ZW3,11,4.636363636363637,11
A6MJQP52AZDSJ,5,4.4,5
A6Q1DGH8MKGN8,6,4.0,4
A6R5SSHZV77VD,6,4.833333333333333,6
A6TODBFGICSKI,5,3.8,2
A6VHP6S8Y996Q,6,4.666666666666667,6
A6VQ11JU2TE2B,8,2.875,8
A6VX5UDTOPEUG,5,4.2,2
A6W7PNB2IETD4,6,5.0,6
A6X23NUWFLDIV,6,3.6666666666666665,5
A70GZUS43HCC5,12,4.25,11
A717DJ1DZRTC5,8,3.0,8
A72D9BBJBQDB9,5,4.2,5
A73BYUFJA19JG,5,3.8,3
A73UC3GW16MAD,5,5.0,5
A74CWE7MPB813,6,4.0,6
A75XUBJTWZOP9,5,3.8,5
A7839D7DMOMAH,6,3.1666666666666665,6
A78OQ2DESRSE9,13,3.0,13
A78V81JH48WGV,7,4.428571428571429,2
A79212Z4LX1MY,5,4.2,5
A79N1FGIYYEL9,12,3.3333333333333335,12
A7BC0ZYWM2MF,5,4.8,5
A7C5U57NGL9HF,5,4.4,5
A7HHAPRE8YSHE,5,5.0,5
A7HJ8B47IIL3D,16,4.6875,0
A7IILYRX01VO,5,3.8,5
A7K48AZIYSP1M,6,4.666666666666667,0
A7KDL8R38UQ4H,5,5.0,5
A7M2PR1AN8MQR,6,3.5,6
A7T1Y69OYWGPL,7,4.428571428571429,7
A7U2GPWUHBI4Z,5,5.0,0
A7WLP9BHBNDLD,7,3.142857142857143,7
A7XTZLT08CJXI,6,4.833333333333333,6
A7ZCEUXB2YS5X,5,4.0,5
A80TXV9F8ORDA,11,4.909090909090909,1
A8114NSSCU5RY,5,4.4,4
A81AB6NH03WM6,8,3.5,8
A83UL8JVYX0E0,9,3.0,5
A87D2OZQF2CAD,7,4.142857142857143,7
A87LWEOT3ZJU7,8,5.0,8
A8A00TICZG8X7,6,4.333333333333333,1
A8C8Q1GQPYPR3,8,4.0,8
A8DAVBI3VPLRU,6,4.166666666666667,5
A8DR2Z71DERN0,8,1.0,8
A8FLR9ZXA4ECW,11,4.181818181818182,10
A8I41EKH4UI1Y,8,5.0,8
A8IAUH3ZCTNXU,8,4.75,8
A8IB7THNW0ICH,6,4.5,0
A8J5CYEQWEV0R,5,5.0,5
A8JGNKPOC1DU9,5,4.4,1
A8KBJDU553RF2,6,3.8333333333333335,6
A8KPIEIJITNCX,5,5.0,5
A8OYDQ9LKGI5W,8,3.25,8
A8P85ANJ5SVGE,8,4.875,8
A8QMQVHM5TCIO,6,3.1666666666666665,6
A8SNFDOT9N0DF,6,5.0,6
A8TI765KLD7LD,5,3.0,5
A8UUJ28GTWKM,5,4.4,5
A8VFZTD6GKD45,7,2.7142857142857144,7
A8XQDQWNBS58R,7,5.0,0
A91TAIIM4ZB1I,5,4.4,5
A93SRU78HLB2P,5,4.4,5
A94RVJ5WVCXBR,5,4.6,4
A95O39BWCXUZW,9,4.666666666666667,9
A98NPCU9ELO0Y,6,3.0,6
A99CAM000M25L,5,4.2,5
A9C9408H23DRM,8,5.0,8
A9E07GS8ZV3ON,8,5.0,8
A9F6R4U27OQVH,6,4.0,6
A9I19WX1HLWIB,6,2.6666666666666665,4
A9IAZFQHJ1FIE,5,4.8,5
A9KR8PT0Z47CL,8,3.0,8
A9KV670CXN96R,5,2.4,5
A9L9WR9KWAUHR,5,5.0,5
A9MNC403IAKFS,9,1.8888888888888888,9
A9MOCNHJD03PI,8,5.0,8
A9MU8FMU7VFNU,8,4.75,6
A9QQ5DQJA1QX4,8,4.125,8
A9R2NDQASR8JA,5,1.8,5
A9SN4C3V33P6B,5,5.0,5
A9UM35TQ6EGHF,5,4.6,5
A9VS6G5IHB43B,5,4.0,5
A9Y17FS1PRTIE,5,5.0,1
A9ZJQEMCJEOGX,5,3.4,5
AA09VE2AH5YTN,5,4.4,5
AA0QINK24YP0J,6,4.833333333333333,6
AA1OSNAI5GWRG,5,5.0,5
AA1PXM2QSYX9B,5,4.2,5
AA1TTHOXCVJRN,5,3.6,5
AA37VNNSPJJAA,6,5.0,6
AA3D5SQXCH46C,7,4.857142857142857,7
AA4J0EX7X98JM,5,4.6,0
AA7KVBNXVADRB,5,3.6,5
AA9PMWWSBKHK5,5,2.8,5
AAACOBR45BT2U,8,4.25,8
AAADZ3U8FWBRP,5,5.0,5
AAC2BU2V9X95K,12,4.666666666666667,12
AAGCD8OYUHATL,5,5.0,5
AAOVV557S6YQ8,6,4.166666666666667,6
AAQO19HKS86MQ,5,3.8,5
AARQFHD88VTJE,5,2.8,5
AASAT3YLO3WTB,8,5.0,8
AAT10FHWLG08V,5,4.4,5
AAVNE27V71ERF,5,4.6,5
AAY445UEDNMCP,6,2.8333333333333335,6
AAZAARNIWV87L,7,3.857142857142857,7
AB205ZGIYEKWV,5,4.2,5
AB29N6EMOFEVW,9,5.0,9
AB3FN9ISU7J8L,5,4.0,5
AB3I4BS66DOL0,5,4.2,5
AB63JQMSSUY6C,5,3.2,4
AB7VHD8BSYENR,5,4.8,5
AB83DAPACRZ63,13,4.230769230769231,10
AB8SG8FHDOUP,5,5.0,5
AB8TZA1KIEVKF,10,3.3,10
AB9XJA07LZULU,7,4.571428571428571,7
ABB9LOOUHMUXZ,5,3.2,5
ABBRXXDHS4YPR,5,3.6,4
ABCM0UQ8C86JO,5,2.4,5
ABDIEO8XKR93C,6,4.333333333333333,6
ABE9YEMZ2XWD,5,4.8,5
ABGKM58ZAS8B1,5,4.2,5
ABITQW599L18M,7,4.857142857142857,7
ABJ6BWGDKYYP4,7,4.571428571428571,7
ABJDPVLDRSYL4,5,4.8,4
ABKS5CX4GI72B,8,5.0,8
ABLUW533DJ03T,11,4.0,11
ABMFI3V6RITC3,6,3.8333333333333335,6
ABMSKM6UB67KI,6,4.166666666666667,6
ABONZZSS8YG3K,8,5.0,8
ABQV29QZP2J6R,6,4.833333333333333,6
ABRX0RQNRXX85,8,5.0,8
ABSTJOFXP477T,5,3.2,4
ABWHIDHK8JSRD,8,4.0,8
ABX2R8Q6GBTJ8,8,2.0,8
ABX7CKFHMVSPZ,5,4.0,5
ABY6TWBT8RP8O,6,5.0,6
AC2BHILNGQJ2Q,10,5.0,10
AC4RU53MDENBV,7,4.428571428571429,7
AC4UEXOOTMYW4,5,3.6,5
AC4VHXZMT80IU,5,2.6,4
AC5PPX3XLCZN1,6,5.0,6
AC5RPG819HKKI,5,4.2,5
AC5WLG32YTU5K,8,5.0,8
AC882JEHSEWW6,11,3.6363636363636362,11
AC9JWOKWIGH7A,5,5.0,5
AC9TIJSLAM0CI,5,3.6,5
ACBUPIEUP4CYM,5,3.4,5
ACDIEMICS7XGC,10,4.8,10
ACENABUEOPPWA,5,1.6,5
ACF0ZZEDEKU22,10,3.4,10
ACF4XY6ZC3S2M,8,2.75,8
ACGRURZWGC9C3,6,4.166666666666667,6
ACH98BXLG1TWN,5,1.4,5
ACJ9N7ED37HXS,5,5.0,5
ACQ3LVJ4AVY1Y,11,3.5454545454545454,11
ACQUZPZFFN3TK,5,3.6,5
ACTDC173JRWGP,9,4.111111111111111,9
ACU1FNBGBRAXN,5,3.2,4
ACUBOOGO3IVQU,6,4.666666666666667,6
ACW35VAG9YKGJ,5,4.6,5
ACWXHDX7ZMTZD,6,5.0,6
ACYT8KA2HVMXJ,5,3.8,5
ACZAPPQ95QM86,8,5.0,8
AD0K0H0POLF6O,6,3.3333333333333335,2
AD0OENWU7N4L6,5,4.8,5
AD4OF7BI0CXOH,5,5.0,5
AD61QK1ZKEYT7,5,5.0,5
AD7A2FOBU3KZ0,5,4.6,5
AD7CXSEK0KKD0,5,5.0,5
AD7ZF3D5JH9HL,8,5.0,8
AD89HKIXHY6PY,5,4.2,5
ADBFW9EHNPZ61,5,4.4,1
ADCMBZPN5N9YA,5,5.0,5
ADD8OMIBXZ89G,8,3.0,8
ADDJYPQNXSP4,5,3.6,5
ADGYJ1AWF3LPR,5,3.2,5
ADH55D06H64PD,6,4.5,5
ADJRDVMENHF0J,8,5.0,8
ADK07IBD29PE8,6,5.0,6
ADLAYE3PNYFJM,8,5.0,8
ADLVFFE4VBT8,6,3.6666666666666665,0
ADN49F4U4AZ1B,5,2.2,5
ADOQQUV2D3JKE,6,4.166666666666667,6
ADTQ22MUSQFIR,8,5.0,8
ADUWEIS0CHJV8,8,4.0,8
ADVFNU8AS85FX,5,5.0,0
ADW0HBVLNETAL,6,4.5,6
AE17AHRJTLD0K,5,4.2,5
AE2PQFPMZTJQ2,9,4.888888888888889,9
AE3EXC0585V6U,5,2.2,5
AE3QOZ5H42D33,5,3.4,4
AE4AXSBD2GBRI,6,5.0,1
AE4PU57OOF5PH,6,5.0,6
AE5YNZ4YOB1B7,5,4.8,5
AE6VG9JMLU13M,5,4.2,5
AE6W48FPMKO4L,8,3.0,0
AE7CHAKXBEV9J,5,3.8,5
AE7VZKY40C7TJ,8,5.0,8
AE84C5E2UHL75,5,3.0,5
AE9RDPTHJ1XD2,5,3.2,5
AECXYMGVQQJGO,5,4.2,5
AEDQ9TLBMQ0RZ,17,4.352941176470588,17
AEF3VK3UEKA3G,5,3.4,5
AEFGXDS31ZM43,5,2.6,4
AEHOCC2S72M38,8,5.0,8
AEMIPUKP4YK5Z,8,4.75,8
AEMSR4TMYD2ZA,5,4.2,5
AENCR0HYPJB6P,8,4.625,8
AENH50GW3OKDA,24,4.708333333333333,24
AENSGPP7TSU4V,15,3.533333333333333,15
AEOLQOH7KKSSB,12,4.916666666666667,1
AEOYPCJMLS1HR,5,3.4,5
AEQ8ICRKQFD77,5,4.4,5
AERFS3FMQJJ9L,8,3.0,8
AERUQJH0VY9O7,5,1.6,5
AESDVSWA6YPY,7,3.5714285714285716,7
AETIH92JHEZZ5,6,3.5,6
AEUUYBIO73RLA,8,5.0,8
AEW31ELCTXXQ8,5,5.0,5
AEW9EAD5BFNDF,7,4.428571428571429,7
AEWZLNHI851A7,7,3.2857142857142856,7
AEXFK4614JFHG,6,5.0,6
AEZ58DWY0IT2J,7,4.285714285714286,7
AF04M51PXZC58,5,5.0,5
AF0E8KYF2C48E,5,4.2,5
AF2ZP3GON4YOC,7,4.571428571428571,7
AF5AJ5V9T6LTS,7,4.571428571428571,2
AF5KD8H90T7FK,6,4.5,6
AF70T61UO8MCD,8,5.0,8
AF890IWERPGAC,5,5.0,5
AFAOP8N5IIBW4,5,3.8,2
AFC25M5N8L74I,5,4.0,5
AFD4WKNPLPS3I,8,5.0,8
AFDUXOKNSA0GF,5,4.0,5
AFE59FMWR6F7S,5,4.6,5
AFHYEO3Y1IIDD,5,3.8,1
AFLIYF8H1F9JE,5,3.0,5
AFMFDT8KGCMJG,5,4.8,5
AFQWCRM30YX1A,6,5.0,6
AFRIETT8JN07G,11,3.909090909090909,9
AFT8SHGI1LCID,7,4.0,7
AFUKP2AP8XTGC,5,4.8,4
AFWV14WQ2KOCZ,5,4.0,5
AFXCKN04TF5E6,6,5.0,6
AFXJJUT8N1H4Q,5,4.8,5
AFYB2V157QM69,5,2.4,5
AFZY7CGAC9Z5N,7,3.0,7
AG05BT5GLNYLZ,9,4.333333333333333,9
AG1CF6PFNBOQH,8,5.0,8
AG1UXAVA68IP2,5,3.8,5
AG43BR0FR4R89,5,4.0,5
AG4Z5KH0THDFI,5,4.4,5
AG89YTABQXUAE,5,2.8,5
AG8J7J3WXBDP7,5,5.0,4
AG8MPE8CQAPM7,8,4.0,8
AGB78KOTW8M5H,7,3.4285714285714284,7
AGBZJNYGDNS4A,5,5.0,5
AGCC93YML5XLH,5,4.4,5
AGCNTK0HWDJ8N,5,4.6,4
AGD1KHBQ3ZHWX,8,5.0,8
AGDN5XJ2HO19E,5,3.2,5
AGG5QVQA51RLI,5,3.0,5
AGH60CK0BF2BA,8,3.875,8
AGH7CAV7REAL0,5,4.2,5
AGJ0DW8O7D9FL,6,3.1666666666666665,6
AGJM39JF9QFLY,7,3.0,7
AGMONAK82UL7R,5,5.0,4
AGMQCK3279U2P,11,4.2727272727272725,10
AGP2F6GP4MJA8,5,3.8,5
AGPHYQQP7YZ2P,7,4.285714285714286,0
AGPSHIYSCJ311,6,4.666666666666667,6
AGR6F69OG7MOQ,5,1.6,5
AGSCJVKNOEQKD,5,4.4,5
AGT48Z76ZQSQU,9,5.0,9
AGUUHT1NNFZW9,5,3.6,5
AGV1GVTDK3FFV,5,3.4,5
AGVYFU0PR5IWV,8,5.0,8
AGWBJKTLNGOSC,8,3.75,8
AGYK8GNAZCG2K,5,5.0,5
AGZ5OOZVDO194,7,4.857142857142857,7
AH2SAV1QCXEHB,5,4.2,5
AH37C8R7FD9D6,6,4.333333333333333,6
AH6FW9FRJQI6F,5,2.8,5
AH7SYV1WFBX8W,5,3.6,5
AHFAVT1MUB29W,8,4.0,8
AHH7XB4IM4DB2,5,3.8,5
AHISQPU3VEH72,6,4.166666666666667,6
AHJVLPDOR8N56,5,5.0,5
AHOWA88ZD9TP1,7,5.0,7
AHPO8XQKT12UR,5,4.2,5
AHQZL3LSIR57E,8,5.0,8
AHRKNAVOFIQG0,5,3.8,5
AHSAQFKOZHI55,6,3.6666666666666665,5
AHTZWZ9FHQKNA,5,2.6,5
AHVN7BFHG5AOX,6,4.166666666666667,5
AHW34N4EGBZ5I,7,4.0,7
AHXQ0PAMEKC0P,8,4.0,8
AHZ8GGXF4BCNP,8,5.0,8
AI4KO5XDRKDFR,8,5.0,8
AI6JD79WEX5KM,8,4.625,8
AI6VKGGS501LL,6,3.3333333333333335,6
AI6ZZMHUA933D,7,4.142857142857143,7
AI757Z7LWG3AS,7,4.428571428571429,7
AI8B0Z345O9N6,5,3.8,5
AID2MI8LCMCG3,5,5.0,5
AIDQ28SZTJAR3,5,4.2,0
AIEDQUA2QQYDW,6,2.0,6
AIIBOED31RS46,5,4.8,5
AIIPH3GX5LWS0,8,4.0,8
AIJ9JAEN6FYIE,5,5.0,5
AIJR51CCAA8ZC,8,2.375,8
AIL0CUG6FEADV,5,4.8,5
AIM9MWMG87AWG,9,4.666666666666667,9
AIO1XEP0AIDQJ,8,5.0,8
AIP4C9MG13COB,8,5.0,8
AIP6PXA74WH6U,5,4.8,5
AIPGJMBTRW4IA,5,2.8,5
AIUHSKKCH3XXV,5,4.2,4
AIVTZDMB297BG,7,4.0,6
AIW0T9DI6F88E,5,1.8,5
AIWJPBX9EVEV6,6,3.0,6
AIWTISTPIPBU9,5,4.8,5
AIXW3YO345IVD,5,4.6,5
AJ0321G4JS0KD,5,5.0,5
AJ03MKMA6TNT1,10,4.4,10
AJ0JK1OW7RS5H,6,4.333333333333333,6
AJ2L06WWP9Y2B,5,3.4,5
AJ4IW7XZ3GXR7,7,4.857142857142857,7
AJ5F59BQ54BOU,5,4.6,5
AJ5QAR6UQJTTN,5,4.4,5
AJ6K8YE6SKSRL,5,5.0,4
AJ74ZOS1UKOBA,8,5.0,8
AJA7AY4MZNJ5U,6,3.8333333333333335,6
AJAUXHZQ7UQ78,7,4.571428571428571,7
AJAXRE91II6G7,5,4.4,0
AJB9ZZPM7SNKO,7,3.5714285714285716,7
AJD3RIP7MX2RM,5,3.8,5
AJDH2WVLX79KA,9,5.0,9
AJDX5KE665V0K,8,5.0,8
AJDXMQU4AQIT9,5,4.6,4
AJF3ONW37JFV2,5,5.0,5
AJF43H1X8FO1A,5,5.0,5
AJFT8WVC9CNPZ,5,4.6,5
AJGAZZE3HWAT2,8,3.75,8
AJHCGGNNYXQEJ,5,4.0,5
AJI3DNLK0MWVI,6,3.8333333333333335,5
AJJQ188TFNITV,6,3.0,6
AJL32W60HD7D5,11,4.7272727272727275,5
AJP304ZQCKAVM,5,5.0,4
AJPTV6A92IT6F,5,4.2,5
AJRAAKOGNETOF,5,3.8,5
AJTYLQ0H9DJF,6,4.333333333333333,6
AJWKZNI5VHW86,9,4.0,9
AJWSFNS4F87M6,8,3.0,8
AJX8JEGB4Z8AI,8,5.0,8
AJYXXIH62D1G,9,3.6666666666666665,9
AK1X6JAJ2L389,8,5.0,0
AK34SNZMJGGR9,5,4.0,5
AK4C1Q7AJPWU1,6,4.666666666666667,6
AK4J1C3HVCG68,5,4.4,5
AK4KZVYZKIZ6J,5,5.0,5
AK58BWJY3SUBA,5,4.0,5
AK64Q0XIQXUAX,5,4.8,1
AK6T1ICSELKS2,5,4.4,5
AK8AQGDUOD3Z,5,3.4,4
AK9ZE4K39N87E,5,3.4,5
AKA9X5KP8UD1O,11,4.090909090909091,0
AKAWPV482ODX8,5,4.6,5
AKFZV4KECZDWV,5,4.8,5
AKG96VVJ8XANP,8,3.0,8
AKJVCU7H1KDWI,8,5.0,8
AKKHSD8U6JNQM,7,4.714285714285714,7
AKKQPBCAFWM34,6,3.8333333333333335,6
AKLSFKVCELIVX,8,5.0,0
AKMEY1BSHSDG7,16,5.0,5
AKNDHLJEDY93U,7,3.857142857142857,7
AKP1GV9CGQ5YN,6,5.0,6
AKPTF9VJLGK7L,5,1.6,5
AKQB9I5BTQQI6,5,4.8,4
AKTOJX7LX5YRL,7,4.142857142857143,7
AKW4JIYF5I08K,19,5.0,19
AKW5JAR0CBFAX,7,3.0,6
AKWNSYFU7AC4D,5,3.8,5
AKX8LPOXAD7CQ,8,4.5,8
AKY3EYDEZVW6C,8,5.0,8
AKYLYWSUNCROD,6,4.0,6
AKZNLII88A0KO,8,5.0,8
AKZSTJK3NAIWS,5,5.0,5
AL0OA6K8GGSF5,9,3.4444444444444446,9
AL1WTXQJCKT8X,14,4.214285714285714,14
AL208GR5MK1OV,8,5.0,8
AL2S50XXYK9E5,6,3.8333333333333335,6
AL3IH5YUUIBK2,7,3.857142857142857,7
AL3KAMTYL25LF,5,4.2,5
AL3ZL5BPKGAXK,6,4.833333333333333,6
AL47TOHUO3U6I,8,3.375,7
AL4HMOR1QEMGX,8,4.125,8
AL5GX1S1YWCW5,5,5.0,5
AL5RH4Q7DD13B,5,2.8,5
AL9BBV3V69K4,5,3.4,5
ALCV5WE8D1TE7,5,3.4,4
ALD314GFGC2BI,6,4.666666666666667,5
ALE477U1O479R,5,4.4,5
ALEIAQ6PF5XFM,5,2.2,4
ALFRMOGTO1K4M,25,4.52,25
ALGHEGHVANKMW,5,4.8,0
ALI9PMZ6LK12W,5,4.6,3
ALIM1AADB0DVF,5,3.4,5
ALIZ4PEIVRGBS,5,4.0,4
ALJ66O1Y6SLHA,5,5.0,5
ALLGN0T9JS77M,5,3.6,5
ALLRDNLLV5MTY,5,4.6,0
ALLSNTNR6N6UL,5,5.0,4
ALNODPMRFPP9D,5,4.8,5
ALOJ2BR77EKOM,5,5.0,5
ALQGOMOY1F5X9,6,3.6666666666666665,6
ALRQ3I0SS2BQA,5,4.6,5
ALSVAPAUBXO5P,5,3.4,5
ALT9XCT58D5TP,6,4.0,6
ALUMQ25DUK42C,5,2.8,5
ALUT7P2ZNIO0J,6,4.5,6
ALUZLSJHJ08X7,5,4.8,5
ALYSM0X859MMC,5,3.2,5
ALZAFU2QH5DKH,5,5.0,0
AM0SOYJG1WMF4,6,4.166666666666667,6
AM9TTLTT6DR1W,8,4.0,8
AM9UB2UMWGM0H,6,4.666666666666667,6
AMA9P621OHNC6,7,3.2857142857142856,7
AMA9VGW109LMN,5,5.0,5
AMAF7TM1O9TGU,6,3.8333333333333335,6
AMAIFQT5OCI6G,6,3.6666666666666665,6
AMAX36XCEDE7D,5,4.6,5
AMD0N0307WEYS,5,5.0,5
AMDBCZOTA9PVG,8,5.0,8
AMFIOJHXTGH0K,5,5.0,3
AMGSDTRYQTSEP,7,3.7142857142857144,7
AMHIEJ4US7R74,6,5.0,6
AMLOQUXG3USTY,6,5.0,0
AMM54C3UIJ8GY,6,4.5,6
AMN2F91Z7U9JE,5,4.0,4
AMP3FJ7JCRINJ,7,3.4285714285714284,7
AMVPMP1T3E2YP,6,4.333333333333333,6
AMZRXCTXGRAM0,5,4.8,5
AMZVCTAVEJYNT,6,2.8333333333333335,5
AN2EMLCCR4XPN,6,4.833333333333333,6
AN4AX8O65Y8ZG,5,3.8,5
AN5LC6WI6G7RW,6,2.8333333333333335,6
AN5PL4KUZS35E,8,5.0,8
AN65J1R21KFZM,7,4.142857142857143,7
AN7XN30C9AH53,5,4.0,5
ANARMQ35NKCQW,5,4.0,5
ANAYLGR90D426,6,4.666666666666667,5
ANEZPYNLJXN75,7,2.4285714285714284,7
ANFLI8C54LMVB,5,2.8,5
ANFVUEIE391B1,5,4.6,5
ANGG8VHXBKSWG,5,5.0,5
ANJRR23RP0CR7,5,4.6,5
ANKHJ94WFSV81,6,4.833333333333333,5
ANKPHTVQ4QJJG,5,2.8,4
ANL5BULGPYANJ,5,3.6,5
ANOVW3DZ7YSNF,5,5.0,5
ANPPQ1G3RP88H,9,4.555555555555555,9
ANR10DAXYDDPJ,5,4.6,5
ANTLOTLGG3NNP,6,4.5,1
ANTWLVOKZFISX,5,3.8,5
ANU19469VYBBC,7,3.5714285714285716,5
ANUUSWC1FHNZB,5,3.0,4
ANVHMPEK5BVVJ,5,4.2,5
ANWGU39XG6E1E,5,3.0,5
ANYQR11WR47PD,6,1.8333333333333333,6
AO1F8PTS4ASDQ,5,4.0,5
AO2V0UMZZGD49,5,3.6,5
AO3Q56KYJP3GM,7,4.571428571428571,6
AO5CGS0DVZ1L5,5,4.2,5
AO5JB67V93FBL,7,3.857142857142857,7
AO6BS2NVR9RH4,6,4.0,6
AO6LGAD11JL4I,10,4.5,10
AO7QH01IO82JS,7,4.428571428571429,7
AOADTSGQ0CULN,9,5.0,0
AOBBXDAF3Y0JT,6,3.0,6
AODACROYFBAY,5,3.4,3
AODFGQL9CC7G7,9,3.111111111111111,9
AOE8JTYFZZF8A,5,3.2,5
AOFQAZVA6Q6E7,8,5.0,8
AOGG4C97LI1EW,6,4.666666666666667,0
AOGSYM6HESK0,5,4.6,5
AOK253O878TBY,5,3.4,5
AOM2F0AJNYOHK,14,4.714285714285714,14
AONR8N5S8WCNH,5,3.0,5
AOQ2H95IHM8EK,7,4.428571428571429,7
AOQSOSRUTFRYS,6,3.5,6
AOSLINU5SJ95,7,4.0,7
AOTJ1TVF87U4L,7,4.571428571428571,7
AOUJM47OAY7M5,5,3.6,5
AOV3GS51T1BI1,5,4.4,5
AOVMTR7PA8XB9,6,4.833333333333333,6
AOWC2XI1XFG74,7,3.4285714285714284,7
AOY4AEMLKLD6M,5,3.6,5
AOYR5V85UYA8O,8,5.0,8
AOZ8FHFINESDB,8,4.625,8
AOZHQ15OKY2ZT,8,3.0,8
AP0DWHOZAF45R,5,3.6,5
AP10ZBXRRE4KJ,5,4.6,1
AP2QN8NHGDUE2,5,5.0,0
AP2SBDJF926PV,5,3.6,5
AP34CI5Q0AQFG,9,2.6666666666666665,8
AP3VZDRR6FXDE,7,3.857142857142857,7
AP44983DFC5GG,6,4.833333333333333,6
AP5RDC5IA9MWI,5,4.0,5
AP5WTCMP6DTRV,6,4.0,6
AP6GFTO81374L,5,3.2,5
AP7HO3SBO46VO,10,4.0,10
AP8CWOZ30P4GH,8,1.0,8
AP8DP2C59Z7EV,5,3.0,5
AP8O5883N1AW3,5,5.0,5
AP9KBTTAKD1OC,5,2.2,4
APE8HO06FOAZ1,6,2.5,6
APFBPXN9NKVTC,6,4.833333333333333,6
APM0MJX0D6GAB,7,4.571428571428571,7
APNEVPAWK5UKA,13,4.3076923076923075,13
APNUOGEN4SNZA,7,4.285714285714286,7
APRM9DFOTGY4R,9,4.666666666666667,9
APS831ZLF95PS,5,4.4,5
APUXL4VS2CI5F,5,2.4,5
APWI9S6YVEPYW,5,4.4,5
APWLFTPOXQCCG,8,5.0,8
APWNEFZOILJXZ,5,5.0,4
APWVM4TJ9AM0L,6,3.6666666666666665,6
APY7IRPM6EXF8,5,5.0,5
APZQ2PK54VBSF,5,4.6,5
AQ02K468SWZMF,6,5.0,6
AQ2VUR80FF2U1,5,3.0,5
AQ30LOC2PQTV5,5,2.8,5
AQ3YJBMQLV17K,7,4.428571428571429,7
AQ5PE9UBDV4YH,5,4.0,5
AQ7WIKV1PI847,10,3.5,10
AQ805XRCR5DYI,5,5.0,5
AQ8ZQPLSSI7WR,5,4.2,5
AQ9MK6B6ZCAJ,5,4.2,5
AQAY0P6DQAWDL,8,5.0,8
AQC3SPEFPAX1M,5,4.6,3
AQCQ7MJDIYSUW,5,4.4,0
AQG16QCMT344N,5,3.2,5
AQGPE4VJWRE6Y,8,5.0,8
AQMKOPJDXI366,6,3.8333333333333335,6
AQQRYRX8SX2XA,5,3.2,5
AQR8WLMVKCE6V,15,4.733333333333333,15
AQS9QK2125CZI,6,5.0,6
AQSMMW10EMKCQ,5,3.2,4
AQTG0XKZ7YYIP,9,3.888888888888889,9
AQUARU97E1F1A,8,3.875,8
AQVKBRONIKDV8,6,2.5,5
AQWZQKD0N851T,8,5.0,8
AQXG8FJANG281,8,5.0,7
AQXZZ60IPG97U,7,1.4285714285714286,6
AR0WN28NUAK9O,6,1.6666666666666667,5
AR16G2FPTTWJF,6,5.0,6
AR26CU6QB26L,5,4.0,5
AR2M2A6T9IC7Y,10,2.2,10
AR2S1240FNCJJ,6,3.5,6
AR5GWS6UK6R94,5,3.6,5
AR8O7SVSEUI9Z,5,4.0,5
AR957S8N6CU8F,5,4.0,4
ARA2MHDDAW1C0,5,4.8,5
AREE0AQ431REB,5,4.6,5
AREGFQLY4ZLFK,5,3.4,5
ARGT7BXP1K7HO,7,4.285714285714286,0
ARGXJJ14PAIBV,6,3.8333333333333335,6
ARHALM5J6X7I6,10,3.8,10
ARIBOOIQ4U3IU,5,4.6,5
ARIYUC0Z82U9H,5,3.6,5
ARJZWAUDRU1R4,8,4.625,8
ARP7B7O5VHORU,5,4.6,5
ARRQCE24GX37P,5,4.2,5
ARTFPEA0JMF4U,5,3.6,5
ARUWS86MPKG2S,5,3.0,5
ARY4E7Y947T9P,8,4.0,8
ARYFF82204U4N,6,4.833333333333333,6
ARYNO2UE44LPW,5,4.2,5
ARZVEX72CUG61,9,4.333333333333333,9
AS18SV3L7XCD8,8,3.875,8
AS1E6X67ZJ7WQ,5,5.0,5
AS1S7O0F2UVUX,6,3.0,6
AS1ZVSX5FA84W,5,4.0,5
AS23BINJGJYIK,9,4.444444444444445,0
AS35ZLUGI6VJ7,5,4.8,3
AS378UOMHULXO,11,4.909090909090909,11
AS42HUEV8GKX8,9,4.111111111111111,8
AS48X0MFHNE2R,7,4.285714285714286,7
AS67BOIF5KAK5,5,5.0,5
ASAWV4K0DNZZA,5,4.2,5
ASCG09T5L4DEE,5,3.6,5
ASECGGNQIT2RN,8,5.0,8
ASEXDKPTYY14D,8,5.0,8
ASLSNFK0N8JY7,5,3.2,5
ASNDALY414KWS,5,2.8,4
ASOKUVDXVDEOC,5,3.6,5
ASOSP4VAUDB7I,8,4.0,8
ASQDCF4HB7NEH,6,3.0,5
ASRUZANHKEF33,6,4.166666666666667,6
ASVWCGGSAEFCD,8,4.25,8
ASYOPHVW8KR9Z,9,3.7777777777777777,9
ASZFKI9I3VZKF,7,5.0,0
ASZL5MUGDOI1R,5,3.0,5
ASZMI6ZK6C5I8,5,3.6,4
AT1SHCII3Z62E,6,2.8333333333333335,6
AT2R9USF7AW05,5,3.6,5
AT4P8ITPPKJ8J,5,5.0,1
AT4Y8DBEEKGV4,5,3.6,4
AT4YFFAU0U474,6,3.1666666666666665,6
AT5LAVKEE1UIK,5,3.4,5
AT5OQFDS6PEE1,9,4.777777777777778,9
AT72GRKOXVE25,8,5.0,8
AT7UEQ7UJB0RU,16,5.0,0
AT9QI6C6AV5CH,6,3.3333333333333335,6
ATD7TSOJ5RQI8,9,3.3333333333333335,9
ATEWRVMHQC5NO,5,4.4,5
ATG8XQ8AAMVNZ,5,3.4,5
ATG9F2US3NLFZ,5,4.2,5
ATHL3S7ZD436V,8,4.0,8
ATHONO87N88EG,6,3.8333333333333335,6
ATIWGR6CO156H,5,4.2,5
ATKGTQN06ASNF,6,4.833333333333333,1
ATKZ8FJFFZ1GF,6,3.5,6
ATOERLGL6M9U4,5,2.8,5
ATPKRMF8GUA7A,6,4.0,6
ATS6HOUGOVX0D,6,5.0,6
ATSIX0LEYCH9P,5,4.8,5
ATSUXY7ASCGPY,8,4.0,8
ATTEN6AG5F78K,5,3.4,1
ATUS9KFLPN6VD,5,3.2,5
ATUXNR3WHD18N,9,2.111111111111111,7
ATV6UWVB04G2S,5,4.2,0
ATX38W1GUOAE6,6,4.333333333333333,6
AU07J6EENWNF0,5,4.4,1
AU0WX86A2I6ZF,5,5.0,5
AU17AY07NB5XC,6,4.833333333333333,5
AU26703V8DANR,6,4.0,6
AU2OMN6TEN4GA,8,5.0,8
AU77DFYWYD7ZD,5,4.6,5
AU9SJQZFW7DQD,8,2.5,8
AUADC534XPQFG,6,3.3333333333333335,6
AUDAQGK21DH1Z,8,4.0,0
AUE82PKEUMKZB,8,1.0,8
AUII8545HOWGA,5,4.6,5
AULHQKU8ES5U4,5,4.6,5
AUMAYMHISY0US,5,2.4,5
AUPNSDAMT83PG,5,4.0,5
AUQWBU0J8FEPG,5,4.2,5
AURLAP19BBJ42,5,4.8,5
AURRG0TMBZ8XA,5,5.0,3
AUSD2QRDAXMQ0,8,5.0,8
AUUMO4APOU2RD,15,3.533333333333333,15
AUVEYMJPWXFQR,8,4.375,8
AUXYCOECC76A8,5,4.8,1
AUYGAPBV1ULG,8,1.5,8
AUYSGDH6Z8BY7,7,3.2857142857142856,7
AUZ52YIVAPJI8,5,3.4,5
AV08ZEBP2Q2MC,5,4.8,5
AV1EKEJYWO4AT,7,4.142857142857143,6
AV254GT0EPOD0,7,4.428571428571429,6
AV2MXVWMTERBK,8,5.0,8
AV6HDGCV5K6PE,5,3.4,5
AV9TAY68SUZRV,6,3.8333333333333335,6
AVA2FC8CHXL0H,6,2.5,6
AVD169QP5TFN7,5,5.0,5
AVG8HTG8YE3DH,6,4.666666666666667,6
AVHEBRYJ7TNXA,7,4.0,7
AVHVZJ5HB6FSK,8,4.0,8
AVIAC08WZSPWO,5,4.0,5
AVJ1LE420Z3N9,7,2.5714285714285716,7
AVJ26UUDCU14C,5,2.0,5
AVMXRORUC2UD6,5,5.0,5
AVO8UB9IDYW1I,6,4.333333333333333,1
AVRS2DZUTN3M3,5,4.8,5
AVSJ4U3W2V0SP,5,5.0,5
AVU4VK1X4X548,5,4.8,4
AVUJP7Z6BNT11,6,5.0,5
AVUPW54LIBRX0,6,4.333333333333333,0
AVW9P34UG7XSM,6,4.833333333333333,6
AVWS49ZRCYZ8K,7,3.2857142857142856,7
AVXI7TGD93TWA,6,2.3333333333333335,6
AVYMAJK124ODU,6,4.833333333333333,6
AVYTSDAIHYMA8,6,5.0,5
AVZ50LFHC8E4N,5,1.4,5
AVZB7UFLT6VD,8,5.0,8
AVZDFAGPWO403,5,3.6,5
AVZSJFETCNY28,7,3.2857142857142856,7
AW0Q3BCB0EHNR,5,4.8,5
AW30N4JGIRTH5,10,5.0,10
AW75AR1H51P61,8,3.5,8
AW78Y6OXCXEC9,5,3.2,5
AW7Z6HSBZ5UVE,7,5.0,7
AW8B7OMWUROWK,5,5.0,2
AW8UBYMNJ894V,7,4.142857142857143,7
AWA8ZX5DKKCTW,6,5.0,1
AWAJ4CLKWQLSB,5,5.0,5
AWAUUQOBY0D91,5,4.0,5
AWBB95XL8ERP8,5,4.8,5
AWBBFXTYT2ZNA,7,4.142857142857143,7
AWBGHDHH7E51F,17,4.764705882352941,16
AWCNYMBH9KPED,7,4.714285714285714,7
AWEIW3G1E0MKO,8,5.0,8
AWKA0775IVBC5,6,4.333333333333333,6
AWKIKM6LRRZOE,8,4.875,8
AWLDK7GXVJDNV,5,5.0,5
AWLGE49S3RUCB,5,3.4,5
AWNBRSLF8NC8,6,4.333333333333333,6
AWNJUF4E2XGHO,5,4.4,0
AWNMYN328OMFC,9,2.888888888888889,9
AWPRKSHD5TPWD,7,4.285714285714286,7
AWRT7NU4PBPJ4,5,3.8,5
AWSG046UQYAPQ,5,4.2,5
AWSSM21BOTF5P,5,5.0,1
AWWTRAOVDZ4B5,5,3.6,5
AWXQORMZ3JY4P,7,4.285714285714286,0
AWXWY3KTKIDWG,13,3.5384615384615383,13
AX00BANZSJ5AS,5,3.6,4
AX2JG5TVU82ZS,8,4.0,8
AX3URT2PC6ZB7,5,3.6,1
AX40UZWMLK1HY,6,3.8333333333333335,6
AX7XQM8OM03BM,6,4.166666666666667,5
AX84AFC7JX1I5,8,4.0,6
AXD6O13R7TGM3,5,2.8,5
AXF8GYR77H8FC,5,5.0,5
AXI5I6N2PJVG3,5,4.6,5
AXIWMHFHVC5DW,7,4.428571428571429,7
AXJ7JS1TFUAWN,5,4.6,5
AXJM6VT3GBPUA,5,4.2,5
AXJY93IX5LXLW,5,2.8,3
AXJZFD1IUBAE7,8,5.0,8
AXKDU1CHG7Y4,8,4.0,8
AXM0E1LMCYBJ1,5,4.0,5
AXPWAHWDG0M3F,6,4.333333333333333,6
AXQ4SF4LWGO5I,5,3.4,5
AXRC1EH0U2WZ9,24,3.9583333333333335,24
AXRTBGDT567Z1,9,3.0,7
AXSPN14UMJ7ML,5,2.2,5
AXTDK1FMXWNKS,5,4.8,5
AXTHTCMO4VN84,6,4.833333333333333,1
AXTY9YRRPJC78,5,3.6,5
AXVYVUK058AM3,9,4.888888888888889,9
AXW33OVJPZVHD,5,5.0,2
AXZ02W7FMBC35,8,5.0,8
AXZ1VDV40UTLA,5,5.0,5
AXZ9VMC5VEL5M,5,3.2,5
AXZXR7LQUX2CB,8,4.75,0
AY1Q2XZOIYDF8,7,5.0,4
AY2AGGCHR8KSN,5,4.6,2
AY3EENC2BGTGK,6,4.666666666666667,0
AY3RIYL9R2Y0G,5,4.4,5
AY3XC23CFN8TA,5,3.4,4
AY6GA8WZR3JKV,8,5.0,8
AY7MYTO543ZZP,6,5.0,2
AY9GT87BPU3Q8,5,4.0,5
AY9QPXGIIDI3Z,5,4.6,5
AY9TXNLYCD9L5,8,5.0,8
AY9ZBOTKBA30N,7,3.857142857142857,7
AYBAN0FHB1N57,10,4.3,10
AYBGG1KWTJXI2,5,4.6,5
AYDB6PAOOHBIQ,7,2.7142857142857144,7
AYE0QRSNS3AD7,8,4.25,8
AYGKFN059NDAV,6,5.0,6
AYHGAW3GU0S9A,5,4.4,5
AYLUS939CJ52V,7,2.7142857142857144,7
AYLZ3T6V5RU44,5,4.2,5
AYMALI76A3NWK,7,3.7142857142857144,7
AYMLAHF6XNEN6,5,4.6,5
AYNPLVZKZS213,6,4.666666666666667,3
AYNXCABS73RDW,9,4.555555555555555,9
AYPDF93K7NGYP,5,5.0,5
AYPU7IT6EH8F4,6,4.0,6
AYY17XHMB0G6M,11,3.727272727272727,10
AYYQT6BGJFJAP,5,4.0,5
AZ0W7L0THJGCA,5,5.0,4
AZ3KLARHNWMNZ,9,4.888888888888889,9
AZ4EUUJVC8358,6,3.6666666666666665,6
AZ7LUSY20ZFSC,8,5.0,8
AZ7P3NH09B66S,8,5.0,8
AZ7TPE579AVSR,8,4.25,7
AZ92SRBROXW4,6,4.333333333333333,5
AZAMYD3KU4ZPP,10,2.5,10
AZBC5XINS2TLJ,5,4.2,5
AZD378NGJIDQH,13,4.076923076923077,13
AZGDWJ7YDETUV,6,4.5,6
AZH3KHMEWKCBV,6,3.6666666666666665,6
AZH8S229H7VPK,5,5.0,5
AZJB0HAT6GLHZ,6,4.5,6
AZKRFNQ8EFO4T,5,4.0,0
AZLAP8JKILOVW,6,3.5,5
AZLW2FR9VQ4EF,7,4.428571428571429,6
AZMMDKF23BDLG,7,3.5714285714285716,7
AZRZ2FB7CFNOE,8,5.0,8
AZSTR6L161BYC,8,3.5,8
AZVE734ZD4U7K,5,5.0,5
AZWP047VIDYQH,6,4.666666666666667,6
AZYHPRWLMSY9O,8,5.0,8
AZZXCFBNEWIBQ,11,4.818181818181818,11
